addr	state	modules	config_names	config_kinds	verified_name	verified_kind	verdict	proposed	note
0x01ffb0d0	DIVERGED	itcm	_ZNK7dBgW_Kc13GetUnkOctreeYEv	function	_ZNK12MeshCollider13GetUnkOctreeYEv	function	class-rename	_ZNK7dBgW_Kc13GetUnkOctreeYEv	
0x01ffb0ec	DIVERGED	itcm	_ZNK7dBgW_Kc16GetOctreeOriginYEv	function	_ZNK12MeshCollider16GetOctreeOriginYEv	function	class-rename	_ZNK7dBgW_Kc16GetOctreeOriginYEv	
0x01ffb0fc	DIVERGED	itcm	_ZN7dBgW_Kc10DetectClsnER9dBgCh_Lin	function	_ZN12MeshCollider10DetectClsnER11RaycastLine	function	class-rename+arg-rename	_ZN7dBgW_Kc10DetectClsnER9dBgCh_Lin	
0x01ffb830	DIVERGED	itcm	_ZN7dBgW_Kc10DetectClsnER12dBgCh_SphCrr	function	_ZN12MeshCollider10DetectClsnER10SphereClsn	function	class-rename+arg-rename	_ZN7dBgW_Kc10DetectClsnER12dBgCh_SphCrr	
0x01ffd3f8	DIVERGED	itcm	_ZN7dBgW_Kc10DetectClsnER9dBgCh_Gnd	function	_ZN12MeshCollider10DetectClsnER13RaycastGround	function	class-rename+arg-rename	_ZN7dBgW_Kc10DetectClsnER9dBgCh_Gnd	
0x01ffd890	DIVERGED	itcm	_ZN7dBgW_Kc17GetTriangleOriginEsR7Vector3	function	_ZN12MeshCollider17GetTriangleOriginEsR7Vector3	function	class-rename	_ZN7dBgW_Kc17GetTriangleOriginEsR7Vector3	
0x01ffd8d8	DIVERGED	itcm	_ZN7dBgW_Kc9GetNormalEsR7Vector3	function	_ZN12MeshCollider9GetNormalEsR7Vector3	function	class-rename	_ZN7dBgW_Kc9GetNormalEsR7Vector3	
0x01ffd920	DIVERGED	itcm	_ZN7dBgW_Kc14GetSurfaceInfoEsR11SurfaceInfo	function	_ZN12MeshCollider14GetSurfaceInfoEsR11SurfaceInfo	function	class-rename	_ZN7dBgW_Kc14GetSurfaceInfoEsR11SurfaceInfo	
0x01ffe684	NO-SLOT	-	-	-	__aeabi_uldivmod	data	no-slot		
0x02004800	DIVERGED	arm9	Entry	function	_start	function	plain		
0x02004b00	NO-SLOT	-	-	-	OBJ_TO_ACTOR_ID_TABLE	data	no-slot		
0x02004ffc	NO-SLOT	-	-	-	DL_PTR_ARR_PTR	data	no-slot		
0x02005d94	DIVERGED	arm9	_ZN11dCapEnemy_c12Unk_02005d94Ev	function	_ZN8CapEnemy12Unk_02005d94Ev	function	class-rename	_ZN11dCapEnemy_c12Unk_02005d94Ev	
0x02005f0c	DIVERGED	arm9	_ZN11dCapEnemy_c21DestroyIfCapNotNeededEv	function	_ZN8CapEnemy21DestroyIfCapNotNeededEv	function	class-rename	_ZN11dCapEnemy_c21DestroyIfCapNotNeededEv	
0x02005fa0	DIVERGED	arm9	_ZN11dCapEnemy_c11GetCapStateEv	function	_ZN8CapEnemy11GetCapStateEv	function	class-rename	_ZN11dCapEnemy_c11GetCapStateEv	
0x02006054	DIVERGED	arm9	_ZN11dCapEnemy_c15RespawnIfHasCapEv	function	_ZN8CapEnemy15RespawnIfHasCapEv	function	class-rename	_ZN11dCapEnemy_c15RespawnIfHasCapEv	
0x020060f4	DIVERGED	arm9	_ZN11dCapEnemy_c16GetCapEatenOffItERK7Vector3	function	_ZN8CapEnemy16GetCapEatenOffItERK7Vector3	function	class-rename	_ZN11dCapEnemy_c16GetCapEatenOffItERK7Vector3	
0x020061b0	DIVERGED	arm9	_ZN11dCapEnemy_c10ReleaseCapERK7Vector3	function	_ZN8CapEnemy10ReleaseCapERK7Vector3	function	class-rename	_ZN11dCapEnemy_c10ReleaseCapERK7Vector3	
0x02006280	DIVERGED	arm9	_ZN11dCapEnemy_c14RenderCapModelEPK7Vector3	function	_ZN8CapEnemy14RenderCapModelEPK7Vector3	function	class-rename	_ZN11dCapEnemy_c14RenderCapModelEPK7Vector3	
0x020062b8	DIVERGED	arm9	_ZN11dCapEnemy_c12UpdateCapPosERK7Vector3RK10Vector3_16	function	_ZN8CapEnemy12UpdateCapPosERK7Vector3RK10Vector3_16	function	class-rename	_ZN11dCapEnemy_c12UpdateCapPosERK7Vector3RK10Vector3_16	
0x020063b0	DIVERGED	arm9	_ZN11dCapEnemy_c6AddCapEj	function	_ZN8CapEnemy6AddCapEj	function	class-rename	_ZN11dCapEnemy_c6AddCapEj	
0x020064e0	DIVERGED	arm9	_ZN11dCapEnemy_c14UnloadCapModelEv	function	_ZN8CapEnemy14UnloadCapModelEv	function	class-rename	_ZN11dCapEnemy_c14UnloadCapModelEv	
0x0200651c	DIVERGED	arm9	_ZN11dCapEnemy_cD1Ev	function	_ZN8CapEnemyD2Ev	function	class-rename+dtor-variant	_ZN11dCapEnemy_cD1Ev	
0x02006554	DIVERGED	arm9	_ZN11dCapEnemy_cC2Ev	function	_ZN8CapEnemyC2Ev	function	class-rename	_ZN11dCapEnemy_cC2Ev	
0x02006590	NO-SLOT	-	-	-	ACTOR_SPAWN_TABLE	data	no-slot		
0x02008c34	NO-SLOT	-	-	-	_ZN4cstd4finvEi	data	no-slot		
0x0200d184	DIVERGED	arm9	_ZN6Camera10LookAtExitER8dActor_c	function	_ZN6Camera10LookAtExitER5Actor	function	arg-rename	_ZN6Camera10LookAtExitER8dActor_c	
0x0200e444	DIVERGED	arm9	Camera_Spawn	function	_ZN6CameraC1Ev	function	plain		
0x0200f658	DIVERGED	arm9	_ZN8dActor_c17DetectRaycastClsnER7Vector3S1_b	function	_ZN5Actor17DetectRaycastClsnER7Vector3S1_b	function	class-rename	_ZN8dActor_c17DetectRaycastClsnER7Vector3S1_b	
0x0200f70c	DIVERGED	arm9	_ZN8dActor_c22IsTooFarAwayFromPlayerE5Fix12IiE	function	_ZN5Actor22IsTooFarAwayFromPlayerE5Fix12IiE	function	class-rename	_ZN8dActor_c22IsTooFarAwayFromPlayerE5Fix12IiE	
0x0200f7a8	DIVERGED	arm9	_ZN8dActor_c19MakeVanishLuigiWorkER5dCc_c	function	_ZN5Actor19MakeVanishLuigiWorkER12CylinderClsn	function	class-rename+arg-rename	_ZN8dActor_c19MakeVanishLuigiWorkER5dCc_c	
0x0200f874	DIVERGED	arm9	_ZN5Sound20PlaySmallSecretSoundEP8dActor_cPt	function	_ZN5Sound20PlaySmallSecretSoundEP5ActorPt	function	arg-rename	_ZN5Sound20PlaySmallSecretSoundEP8dActor_cPt	
0x0200f8f8	DIVERGED	arm9	_ZN5Sound15PlaySecretSoundEP8dActor_cPt	function	_ZN5Sound15PlaySecretSoundEP5ActorPt	function	arg-rename	_ZN5Sound15PlaySecretSoundEP8dActor_cPt	
0x0200f97c	DIVERGED	arm9	_ZN8dActor_c13SpawnSoundObjEj	function	_ZN5Actor13SpawnSoundObjEj	function	class-rename	_ZN8dActor_c13SpawnSoundObjEj	
0x0200f9b8	DIVERGED	arm9	_ZN8dActor_c24KillAndTrackInDeathTableEv	function	_ZN5Actor24KillAndTrackInDeathTableEv	function	class-rename	_ZN8dActor_c24KillAndTrackInDeathTableEv	
0x0200f9d4	DIVERGED	arm9	_ZN8dActor_c19UntrackInDeathTableEv	function	_ZN5Actor19UntrackInDeathTableEv	function	class-rename	_ZN8dActor_c19UntrackInDeathTableEv	
0x0200f9e4	DIVERGED	arm9	_ZN8dActor_c17TrackInDeathTableEv	function	_ZN5Actor17TrackInDeathTableEv	function	class-rename	_ZN8dActor_c17TrackInDeathTableEv	
0x0200f9f4	DIVERGED	arm9	_ZN8dActor_c18GetBitInDeathTableEv	function	_ZN5Actor18GetBitInDeathTableEv	function	class-rename	_ZN8dActor_c18GetBitInDeathTableEv	
0x0200fac4	DIVERGED	arm9	_ZN8dActor_c13LandingDustAtER7Vector3b	function	_ZN5Actor13LandingDustAtER7Vector3b	function	class-rename	_ZN8dActor_c13LandingDustAtER7Vector3b	
0x0200fb4c	DIVERGED	arm9	_ZN8dActor_c15HugeLandingDustEb	function	_ZN5Actor15HugeLandingDustEb	function	class-rename	_ZN8dActor_c15HugeLandingDustEb	
0x0200fb84	DIVERGED	arm9	_ZN8dActor_c17HugeLandingDustAtER7Vector3b	function	_ZN5Actor17HugeLandingDustAtER7Vector3b	function	class-rename	_ZN8dActor_c17HugeLandingDustAtER7Vector3b	
0x0200fc0c	DIVERGED	arm9	_ZN8dActor_c11LandingDustEb	function	_ZN5Actor11LandingDustEb	function	class-rename	_ZN8dActor_c11LandingDustEb	
0x0200fd04	DIVERGED	arm9	_ZN8dActor_c19DisappearPoofDustAtERK7Vector3	function	_ZN5Actor19DisappearPoofDustAtERK7Vector3	function	class-rename	_ZN8dActor_c19DisappearPoofDustAtERK7Vector3	
0x0200fd40	DIVERGED	arm9	_ZN8dActor_c13SmallPoofDustEv	function	_ZN5Actor13SmallPoofDustEv	function	class-rename	_ZN8dActor_c13SmallPoofDustEv	
0x0200fd74	DIVERGED	arm9	_ZN8dActor_c16TriplePoofDustAtERK7Vector3	function	_ZN5Actor16TriplePoofDustAtERK7Vector3	function	class-rename	_ZN8dActor_c16TriplePoofDustAtERK7Vector3	
0x0200fdc8	DIVERGED	arm9	_ZN8dActor_c14TriplePoofDustEv	function	_ZN5Actor14TriplePoofDustEv	function	class-rename	_ZN8dActor_c14TriplePoofDustEv	
0x0200fdfc	DIVERGED	arm9	_ZN8dActor_c10PoofDustAtERK7Vector3	function	_ZN5Actor10PoofDustAtERK7Vector3	function	class-rename	_ZN8dActor_c10PoofDustAtERK7Vector3	
0x0200fe3c	DIVERGED	arm9	_ZN8dActor_c8PoofDustEv	function	_ZN5Actor8PoofDustEv	function	class-rename	_ZN8dActor_c8PoofDustEv	
0x0200fec8	DIVERGED	arm9	_ZN8dActor_c17GetWaterHeightWDWEv	function	_ZN5Actor17GetWaterHeightWDWEv	function	class-rename	_ZN8dActor_c17GetWaterHeightWDWEv	
0x0200ff14	DIVERGED	arm9	_ZN8dActor_c19UntrackAndSpawnStarERajRK7Vector3h	function	_ZN5Actor19UntrackAndSpawnStarERajRK7Vector3j	function	class-rename+signature-fix	_ZN8dActor_c19UntrackAndSpawnStarERajRK7Vector3h	
0x0200ff60	DIVERGED	arm9	_ZN8dActor_c11UntrackStarERa	function	_ZN5Actor11UntrackStarERa	function	class-rename	_ZN8dActor_c11UntrackStarERa	
0x0200ff94	DIVERGED	arm9	_ZN8dActor_c9TrackStarEjj	function	_ZN5Actor9TrackStarEjj	function	class-rename	_ZN8dActor_c9TrackStarEjj	
0x02010044	DIVERGED	arm9	_ZN8dActor_c11SpawnNumberERK7Vector3jbtPS_	function	_ZN5Actor11SpawnNumberERK7Vector3jbtPS_	function	class-rename+arg-rename	_ZN8dActor_c11SpawnNumberERK7Vector3jbtPS_	
0x020100dc	DIVERGED	arm9	_ZN8dActor_c25OnAimedAtWithEggReturnVecEv	function	_ZN5Actor25OnAimedAtWithEggReturnVecEv	function	class-rename	_ZN8dActor_c25OnAimedAtWithEggReturnVecEv	
0x02010124	DIVERGED	arm9	_ZN8dActor_c16OnAimedAtWithEggEv	function	_ZN5Actor16OnAimedAtWithEggEv	function	class-rename	_ZN8dActor_c16OnAimedAtWithEggEv	
0x0201012c	DIVERGED	arm9	_ZN8dActor_c19OnHitFromUnderneathERS_	function	_ZN5Actor19OnHitFromUnderneathERS_	function	class-rename+arg-rename	_ZN8dActor_c19OnHitFromUnderneathERS_	
0x02010130	DIVERGED	arm9	_ZN8dActor_c15OnHitByMegaCharER6Player	function	_ZN5Actor15OnHitByMegaCharER6Player	function	class-rename	_ZN8dActor_c15OnHitByMegaCharER6Player	
0x02010134	DIVERGED	arm9	_ZN8dActor_c24OnHitByCannonBlastedCharERS_	function	_ZN5Actor24OnHitByCannonBlastedCharERS_	function	class-rename+arg-rename	_ZN8dActor_c24OnHitByCannonBlastedCharERS_	
0x02010138	DIVERGED	arm9	_ZN8dActor_c8OnPushedERS_	function	_ZN5Actor8OnPushedERS_	function	class-rename+arg-rename	_ZN8dActor_c8OnPushedERS_	
0x0201013c	DIVERGED	arm9	_ZN8dActor_c8OnKickedERS_	function	_ZN5Actor8OnKickedERS_	function	class-rename+arg-rename	_ZN8dActor_c8OnKickedERS_	
0x02010140	DIVERGED	arm9	_ZN8dActor_c11OnAttacked2ERS_	function	_ZN5Actor11OnAttacked2ERS_	function	class-rename+arg-rename	_ZN8dActor_c11OnAttacked2ERS_	
0x02010144	DIVERGED	arm9	_ZN8dActor_c11OnAttacked1ERS_	function	_ZN5Actor11OnAttacked1ERS_	function	class-rename+arg-rename	_ZN8dActor_c11OnAttacked1ERS_	
0x02010148	DIVERGED	arm9	_ZN8dActor_c15OnGroundPoundedERS_	function	_ZN5Actor15OnGroundPoundedERS_	function	class-rename+arg-rename	_ZN8dActor_c15OnGroundPoundedERS_	
0x0201014c	DIVERGED	arm9	_ZN8dActor_c9Virtual50Ev	function	_ZN5Actor9Virtual50Ev	function	class-rename	_ZN8dActor_c9Virtual50Ev	
0x02010154	DIVERGED	arm9	_ZN8dActor_c13OnTurnIntoEggER6Player	function	_ZN5Actor13OnTurnIntoEggER6Player	function	class-rename	_ZN8dActor_c13OnTurnIntoEggER6Player	
0x02010160	DIVERGED	arm9	_ZN8dActor_c13OnYoshiTryEatEv	function	_ZN5Actor13OnYoshiTryEatEv	function	class-rename	_ZN8dActor_c13OnYoshiTryEatEv	
0x02010168	DIVERGED	arm9	_ZN8dActor_c10EarthquakeERK7Vector35Fix12IiE	function	_ZN5Actor10EarthquakeERK7Vector35Fix12IiE	function	class-rename	_ZN8dActor_c10EarthquakeERK7Vector35Fix12IiE	
0x02010180	DIVERGED	arm9	_ZN8dActor_c11UpdateCarryER6PlayerRK7Vector3	function	_ZN5Actor11UpdateCarryER6PlayerRK7Vector3	function	class-rename	_ZN8dActor_c11UpdateCarryER6PlayerRK7Vector3	
0x020102b0	DIVERGED	arm9	_ZN8dActor_c13SpawnFireballERK7Vector3PK10Vector3_165Fix12IiES7_j	function	_ZN5Actor13SpawnFireballERK7Vector3PK10Vector3_165Fix12IiES7_j	function	class-rename	_ZN8dActor_c13SpawnFireballERK7Vector3PK10Vector3_165Fix12IiES7_j	
0x02010374	DIVERGED	arm9	_ZN8dActor_c18FindExplosionActorER5dCc_c	function	_ZN5Actor18FindExplosionActorER12CylinderClsn	function	class-rename+arg-rename	_ZN8dActor_c18FindExplosionActorER5dCc_c	
0x020103b4	DIVERGED	arm9	_ZN8dActor_c7FindEggER5dCc_c	function	_ZN5Actor7FindEggER12CylinderClsn	function	class-rename+arg-rename	_ZN8dActor_c7FindEggER5dCc_c	
0x020103f4	DIVERGED	arm9	_ZN8dActor_c14GetSubtractionEss	function	_ZN5Actor14GetSubtractionEss	function	class-rename	_ZN8dActor_c14GetSubtractionEss	
0x02010428	DIVERGED	arm9	_ZN8dActor_c12ReflectAngleE5Fix12IiES1_s	function	_ZN5Actor12ReflectAngleE5Fix12IiES1_s	function	class-rename	_ZN8dActor_c12ReflectAngleE5Fix12IiES1_s	
0x0201045c	DIVERGED	arm9	_ZN8dActor_c15IsPlayerInRangeERK7Vector3i	function	_ZN5Actor15IsPlayerInRangeERK7Vector3i	function	class-rename	_ZN8dActor_c15IsPlayerInRangeERK7Vector3i	
0x02010498	DIVERGED	arm9	_ZN8dActor_c15IsPlayerInRangeE5Fix12IiES1_S1_i	function	_ZN5Actor15IsPlayerInRangeE5Fix12IiES1_S1_i	function	class-rename	_ZN8dActor_c15IsPlayerInRangeE5Fix12IiES1_S1_i	
0x020104dc	DIVERGED	arm9	_ZN8dActor_c15IsPlayerInRangeEi	function	_ZN5Actor15IsPlayerInRangeEi	function	class-rename	_ZN8dActor_c15IsPlayerInRangeEi	
0x02010518	DIVERGED	arm9	_ZN8dActor_c24BumpedUnderneathByPlayerER6Player	function	_ZN5Actor24BumpedUnderneathByPlayerER6Player	function	class-rename	_ZN8dActor_c24BumpedUnderneathByPlayerER6Player	
0x0201054c	DIVERGED	arm9	_ZN8dActor_c16JumpedOnByPlayerER5dCc_cR6Player	function	_ZN5Actor16JumpedOnByPlayerER12CylinderClsnR6Player	function	class-rename+arg-rename	_ZN8dActor_c16JumpedOnByPlayerER5dCc_cR6Player	
0x0201061c	DIVERGED	arm9	_ZN8dActor_c15GivePlayerCoinsER6Playerhj	function	_ZN5Actor15GivePlayerCoinsER6Playerhj	function	class-rename	_ZN8dActor_c15GivePlayerCoinsER6Playerhj	
0x02010714	DIVERGED	arm9	_ZN8dActor_c10SpawnCoinsERK7Vector3j5Fix12IiEs	function	_ZN5Actor10SpawnCoinsERK7Vector3j5Fix12IiEs	function	class-rename	_ZN8dActor_c10SpawnCoinsERK7Vector3j5Fix12IiEs	
0x020108c4	DIVERGED	arm9	_ZN8dActor_c18ClosestWithActorIDEj	function	_ZN5Actor18ClosestWithActorIDEj	function	class-rename	_ZN8dActor_c18ClosestWithActorIDEj	
0x0201092c	DIVERGED	arm9	_ZN8dActor_c18HorzAngleToFPlayerEv	function	_ZN5Actor18HorzAngleToFPlayerEv	function	class-rename	_ZN8dActor_c18HorzAngleToFPlayerEv	
0x02010958	DIVERGED	arm9	_ZN8dActor_c14FarthestPlayerEv	function	_ZN5Actor14FarthestPlayerEv	function	class-rename	_ZN8dActor_c14FarthestPlayerEv	
0x0201097c	DIVERGED	arm9	_ZN8dActor_c23HorzAngleToCPlayerOrAngEv	function	_ZN5Actor23HorzAngleToCPlayerOrAngEv	function	class-rename	_ZN8dActor_c23HorzAngleToCPlayerOrAngEv	
0x020109b8	DIVERGED	arm9	_ZN8dActor_c18HorzAngleToCPlayerEv	function	_ZN5Actor18HorzAngleToCPlayerEv	function	class-rename	_ZN8dActor_c18HorzAngleToCPlayerEv	
0x020109e4	DIVERGED	arm9	_ZN8dActor_c13DistToCPlayerEv	function	_ZN5Actor13DistToCPlayerEv	function	class-rename	_ZN8dActor_c13DistToCPlayerEv	
0x02010a08	DIVERGED	arm9	_ZN8dActor_c22ClosestNonVanishPlayerEv	function	_ZN5Actor22ClosestNonVanishPlayerEv	function	class-rename	_ZN8dActor_c22ClosestNonVanishPlayerEv	
0x02010ad8	DIVERGED	arm9	_ZN8dActor_c13ClosestPlayerEv	function	_ZN5Actor13ClosestPlayerEv	function	class-rename	_ZN8dActor_c13ClosestPlayerEv	
0x02010b9c	DIVERGED	arm9	_ZN8dActor_c18DropShadowScaleXYZER11ShadowModelR9Matrix4x35Fix12IiES5_S5_j	function	_ZN5Actor18DropShadowScaleXYZER11ShadowModelR9Matrix4x35Fix12IiES5_S5_j	function	class-rename	_ZN8dActor_c18DropShadowScaleXYZER11ShadowModelR9Matrix4x35Fix12IiES5_S5_j	
0x02010be8	DIVERGED	arm9	_ZN8dActor_c19DropShadowRadHeightER11ShadowModelR9Matrix4x35Fix12IiES5_j	function	_ZN5Actor19DropShadowRadHeightER11ShadowModelR9Matrix4x35Fix12IiES5_j	function	class-rename	_ZN8dActor_c19DropShadowRadHeightER11ShadowModelR9Matrix4x35Fix12IiES5_j	
0x02010c30	DIVERGED	arm9	_ZN8dActor_c9UpdatePosEP5dCc_c	function	_ZN5Actor9UpdatePosEP12CylinderClsn	function	class-rename+arg-rename	_ZN8dActor_c9UpdatePosEP5dCc_c	
0x02010c5c	DIVERGED	arm9	_ZN8dActor_c28UpdatePosWithHorzSpeedAndAngEv	function	_ZN5Actor28UpdatePosWithHorzSpeedAndAngEv	function	class-rename	_ZN8dActor_c28UpdatePosWithHorzSpeedAndAngEv	
0x02010d40	DIVERGED	arm9	_ZN8dActor_c22UpdatePosWithOnlySpeedEP5dCc_c	function	_ZN5Actor22UpdatePosWithOnlySpeedEP12CylinderClsn	function	class-rename+arg-rename	_ZN8dActor_c22UpdatePosWithOnlySpeedEP5dCc_c	
0x02010e08	DIVERGED	arm9	_ZN8dActor_c9SetRangesE5Fix12IiES1_S1_S1_	function	_ZN5Actor9SetRangesE5Fix12IiES1_S1_S1_	function	class-rename	_ZN8dActor_c9SetRangesE5Fix12IiES1_S1_S1_	
0x02010e2c	DIVERGED	arm9	_ZN8dActor_c5SpawnEjjRK7Vector3PK10Vector3_16as	function	_ZN5Actor5SpawnEjjRK7Vector3PK10Vector3_16ii	function	class-rename+signature-fix	_ZN8dActor_c5SpawnEjjRK7Vector3PK10Vector3_16as	
0x02010ecc	DIVERGED	arm9	_ZN8dActor_c4NextEPKS_	function	_ZN5Actor4NextEPKS_	function	class-rename+arg-rename	_ZN8dActor_c4NextEPKS_	
0x02010ef0	DIVERGED	arm9	_ZN8dActor_c15FindWithActorIDEjPS_	function	_ZN5Actor15FindWithActorIDEjPS_	function	class-rename+arg-rename	_ZN8dActor_c15FindWithActorIDEjPS_	
0x02010f3c	DIVERGED	arm9	_ZN8dActor_c10FindWithIDEj	function	_ZN5Actor10FindWithIDEj	function	class-rename	_ZN8dActor_c10FindWithIDEj	
0x02010f6c	DIVERGED	arm9	_ZN8dActor_c11AfterRenderEj	function	_ZN5Actor11AfterRenderEj	function	class-rename	_ZN8dActor_c11AfterRenderEj	
0x02010f78	DIVERGED	arm9	_ZN8dActor_c12BeforeRenderEv	function	_ZN5Actor12BeforeRenderEv	function	class-rename	_ZN8dActor_c12BeforeRenderEv	
0x02010fc8	DIVERGED	arm9	_ZN8dActor_c13AfterBehaviorEj	function	_ZN5Actor13AfterBehaviorEj	function	class-rename	_ZN8dActor_c13AfterBehaviorEj	
0x02010fd4	DIVERGED	arm9	_ZN8dActor_c14BeforeBehaviorEv	function	_ZN5Actor14BeforeBehaviorEv	function	class-rename	_ZN8dActor_c14BeforeBehaviorEv	
0x02011214	DIVERGED	arm9	_ZN8dActor_c21AfterCleanupResourcesEj	function	_ZN5Actor21AfterCleanupResourcesEj	function	class-rename	_ZN8dActor_c21AfterCleanupResourcesEj	
0x02011220	DIVERGED	arm9	_ZN8dActor_c22BeforeCleanupResourcesEv	function	_ZN5Actor22BeforeCleanupResourcesEv	function	class-rename	_ZN8dActor_c22BeforeCleanupResourcesEv	
0x02011244	DIVERGED	arm9	_ZN8dActor_c18AfterInitResourcesEj	function	_ZN5Actor18AfterInitResourcesEj	function	class-rename	_ZN8dActor_c18AfterInitResourcesEj	
0x02011268	DIVERGED	arm9	_ZN8dActor_c19BeforeInitResourcesEv	function	_ZN5Actor19BeforeInitResourcesEv	function	class-rename	_ZN8dActor_c19BeforeInitResourcesEv	
0x020112c8	DIVERGED	arm9	_ZN8dActor_cD2Ev	function	_ZN5ActorD1Ev	function	class-rename+dtor-variant	_ZN8dActor_cD2Ev	
0x02011314	DIVERGED	arm9	_ZN8dActor_cD0Ev	function	_ZN5ActorD0Ev	function	class-rename	_ZN8dActor_cD0Ev	
0x02011374	DIVERGED	arm9	_ZN8dActor_cD1Ev	function	_ZN5ActorD2Ev	function	class-rename+dtor-variant	_ZN8dActor_cD1Ev	
0x020113c0	DIVERGED	arm9	_ZN8dActor_cC1Ev	function	_ZN5ActorC1Ev	function	class-rename	_ZN8dActor_cC1Ev	
0x0201150c	DIVERGED	arm9	_ZN8dActor_cC2Ev	function	_ZN5ActorC2Ev	function	class-rename	_ZN8dActor_cC2Ev	
0x02012328	DIVERGED	arm9	_ZN5Sound8PlayLongEjjjRK7Vector3s	function	_ZN5Sound8PlayLongEjjjRK7Vector3j	function	signature-fix	_ZN5Sound8PlayLongEjjjRK7Vector3s	
0x02013e80	DIVERGED	arm9	_ZN7dBase_cD1Ev	function	_ZN12ActorDerivedD1Ev	function	class-rename	_ZN7dBase_cD1Ev	
0x02013ea4	DIVERGED	arm9	_ZN7dBase_cD0Ev	function	_ZN12ActorDerivedD0Ev	function	class-rename	_ZN7dBase_cD0Ev	
0x02013ee8	DIVERGED	arm9	_ZN7dBase_c5SpawnEjP7fBase_cii	function	_ZN12ActorDerived5SpawnEjP9ActorBaseii	function	class-rename+arg-rename	_ZN7dBase_c5SpawnEjP7fBase_cii	
0x02013ef4	DIVERGED	arm9	_ZN7dBase_c18AfterInitResourcesEj	function	_ZN12ActorDerived18AfterInitResourcesEj	function	class-rename	_ZN7dBase_c18AfterInitResourcesEj	
0x020147d4	DIVERGED	arm9	_ZN8dCcPos_c4InitERK7Vector35Fix12IiES4_jj	function	_ZN19CylinderClsnWithPos4InitERK7Vector35Fix12IiES4_jj	function	class-rename	_ZN8dCcPos_c4InitERK7Vector35Fix12IiES4_jj	
0x02014818	DIVERGED	arm9	_ZN8dCcPos_c10GetOwnerIDEv	function	_ZN19CylinderClsnWithPos10GetOwnerIDEv	function	class-rename	_ZN8dCcPos_c10GetOwnerIDEv	
0x02014820	DIVERGED	arm9	_ZN8dCcPos_c6GetPosEv	function	_ZN19CylinderClsnWithPos6GetPosEv	function	class-rename	_ZN8dCcPos_c6GetPosEv	
0x02014828	DIVERGED	arm9	_ZN8dCcPos_cD0Ev	function	_ZN19CylinderClsnWithPosD0Ev	function	class-rename	_ZN8dCcPos_cD0Ev	
0x02014854	DIVERGED	arm9	_ZN8dCcPos_cD1Ev	function	_ZN19CylinderClsnWithPosD1Ev	function	class-rename	_ZN8dCcPos_cD1Ev	
0x02014878	DIVERGED	arm9	_ZN8dCcPos_cC1Ev	function	_ZN19CylinderClsnWithPosC1Ev	function	class-rename	_ZN8dCcPos_cC1Ev	
0x0201489c	DIVERGED	arm9	_ZN10dCcAcPos_c21SetPosRelativeToActorERK7Vector3	function	_ZN25MovingCylinderClsnWithPos21SetPosRelativeToActorERK7Vector3	function	class-rename	_ZN10dCcAcPos_c21SetPosRelativeToActorERK7Vector3	
0x020148c8	DIVERGED	arm9	_ZN10dCcAcPos_c4InitEP8dActor_cRK7Vector35Fix12IiES6_jj	function	_ZN25MovingCylinderClsnWithPos4InitEP5ActorRK7Vector35Fix12IiES6_jj	function	class-rename+arg-rename	_ZN10dCcAcPos_c4InitEP8dActor_cRK7Vector35Fix12IiES6_jj	
0x0201490c	DIVERGED	arm9	_ZN7dCcAc_c4InitEP8dActor_c5Fix12IiES3_jj	function	_ZN18MovingCylinderClsn4InitEP5Actor5Fix12IiES3_jj	function	class-rename+arg-rename	_ZN7dCcAc_c4InitEP8dActor_c5Fix12IiES3_jj	
0x0201493c	DIVERGED	arm9	_ZN7dCcAc_c10GetOwnerIDEv	function	_ZN18MovingCylinderClsn10GetOwnerIDEv	function	class-rename	_ZN7dCcAc_c10GetOwnerIDEv	
0x02014948	DIVERGED	arm9	_ZN7dCcAc_c6GetPosEv	function	_ZN18MovingCylinderClsn6GetPosEv	function	class-rename	_ZN7dCcAc_c6GetPosEv	
0x02014954	DIVERGED	arm9	_ZN7dCcAc_cD2Ev	function	_ZN18MovingCylinderClsnD2Ev	function	class-rename	_ZN7dCcAc_cD2Ev	
0x02014978	DIVERGED	arm9	_ZN7dCcAc_cD0Ev	function	_ZN18MovingCylinderClsnD0Ev	function	class-rename	_ZN7dCcAc_cD0Ev	
0x020149a4	DIVERGED	arm9	_ZN7dCcAc_cD1Ev	function	_ZN18MovingCylinderClsnD1Ev	function	class-rename	_ZN7dCcAc_cD1Ev	
0x020149c8	DIVERGED	arm9	_ZN7dCcAc_cC1Ev	function	_ZN18MovingCylinderClsnC1Ev	function	class-rename	_ZN7dCcAc_cC1Ev	
0x020149f4	DIVERGED	arm9	_ZN7dCcAc_cC2Ev	function	_ZN18MovingCylinderClsnC2Ev	function	class-rename	_ZN7dCcAc_cC2Ev	
0x02014a2c	DIVERGED	arm9	_ZN10dCcAcPos_c6GetPosEv	function	_ZN25MovingCylinderClsnWithPos6GetPosEv	function	class-rename	_ZN10dCcAcPos_c6GetPosEv	
0x02014a34	DIVERGED	arm9	_ZN10dCcAcPos_cD0Ev	function	_ZN25MovingCylinderClsnWithPosD0Ev	function	class-rename	_ZN10dCcAcPos_cD0Ev	
0x02014a60	DIVERGED	arm9	_ZN10dCcAcPos_cD1Ev	function	_ZN25MovingCylinderClsnWithPosD1Ev	function	class-rename	_ZN10dCcAcPos_cD1Ev	
0x02014a84	DIVERGED	arm9	_ZN10dCcAcPos_cC1Ev	function	_ZN25MovingCylinderClsnWithPosC1Ev	function	class-rename	_ZN10dCcAcPos_cC1Ev	
0x02014aa8	DIVERGED	arm9	_ZN5dCc_c7ProcessEv	function	_ZN12CylinderClsn7ProcessEv	function	class-rename	_ZN5dCc_c7ProcessEv	
0x02014ff0	DIVERGED	arm9	_ZN5dCc_c6UpdateEv	function	_ZN12CylinderClsn6UpdateEv	function	class-rename	_ZN5dCc_c6UpdateEv	
0x02015024	DIVERGED	arm9	_ZN5dCc_c5ClearEv	function	_ZN12CylinderClsn5ClearEv	function	class-rename	_ZN5dCc_c5ClearEv	
0x02015040	DIVERGED	arm9	_ZN5dCc_c4InitE5Fix12IiES1_jj	function	_ZN12CylinderClsn4InitE5Fix12IiES1_jj	function	class-rename	_ZN5dCc_c4InitE5Fix12IiES1_jj	
0x02015058	DIVERGED	arm9	_ZN5dCc_cD2Ev	function	_ZN12CylinderClsnD2Ev	function	class-rename	_ZN5dCc_cD2Ev	
0x0201507c	DIVERGED	arm9	_ZN5dCc_cD0Ev	function	_ZN12CylinderClsnD0Ev	function	class-rename	_ZN5dCc_cD0Ev	
0x020150a8	DIVERGED	arm9	_ZN5dCc_cD1Ev	function	_ZN12CylinderClsnD1Ev	function	class-rename	_ZN5dCc_cD1Ev	
0x020150cc	DIVERGED	arm9	_ZN5dCc_cC2Ev	function	_ZN12CylinderClsnC2Ev	function	class-rename	_ZN5dCc_cC2Ev	
0x020156dc	DIVERGED	arm9	_ZN7Clipper13Func_020156DCEitii	function	_ZN7Clipper13Func_020156DCEv	function	signature-fix	_ZN7Clipper13Func_020156DCEitii	
0x0201609c	DIVERGED	arm9	_ZN11CommonModel12SetPolygonIDEj	function	_ZN11CommonModel13Func_0201609CEj	function	identity		
0x02017150	DIVERGED	arm9	_ZN9ModelBaseC2Ev	function	_ZN9ModelBaseC1Ev	function	ctor-variant	_ZN9ModelBaseC2Ev	
0x02017168	DIVERGED	arm9	_ZThn80_N9ModelAnimD0Ev	function	_ZThn80_N9AnimationD0Ev	function	identity		
0x02017178	DIVERGED	arm9	_ZThn80_N9ModelAnimD1Ev	function	_ZThn80_N9AnimationD1Ev	function	identity		
0x02017188	DIVERGED	arm9	_ZThn80_N14BlendModelAnimD0Ev	function	_ZThn80_N9AnimationD0Ev	function	identity		
0x02017198	DIVERGED	arm9	_ZThn80_N14BlendModelAnimD1Ev	function	_ZThn80_N9AnimationD1Ev	function	identity		
0x020171a8	DIVERGED	arm9	_ZThn80_N10ModelAnim2D0Ev	function	_ZThn80_N9AnimationD0Ev	function	identity		
0x020171b8	DIVERGED	arm9	_ZThn80_N10ModelAnim2D1Ev	function	_ZThn80_N9AnimationD1Ev	function	identity		
0x02017574	DIVERGED	arm9	_ZN10FaderColorD2Ev	function	_ZN5ColorD1Ev	function	identity		
0x02017afc	DIVERGED	arm9	_ZN7dBgW_Kc8LoadFileER13SharedFilePtr	function	_ZN12MeshCollider8LoadFileER13SharedFilePtr	function	class-rename	_ZN7dBgW_Kc8LoadFileER13SharedFilePtr	
0x020230d8	NO-SLOT	-	-	-	PARTICLE_SPA_FILE	data	no-slot		
0x02023598	DIVERGED	arm9	_ZN9BootSceneD1Ev	function	_ZN5SceneD2Ev	function	identity		
0x020235d4	DIVERGED	arm9	_ZN9BootSceneD0Ev	function	_ZN5SceneD0Ev	function	identity		
0x02023688	DIVERGED	arm9	_ZN5StageD1Ev	function	_ZN5StageD2Ev	function	dtor-variant	_ZN5StageD1Ev	
0x0202b6f0	NO-SLOT	-	-	-	Geometry_WriteFogTable	data	no-slot		
0x0202e088	DIVERGED	arm9	Stage_Spawn	function	_ZN5StageC1Ev	function	plain		
0x0202e140	DIVERGED	arm9	_ZN8dScene_cD1Ev	function	_ZN5SceneD1Ev	function	class-rename	_ZN8dScene_cD1Ev	
0x0202e170	DIVERGED	arm9	_ZN8dScene_cD0Ev	function	_ZN5SceneD0Ev	function	class-rename	_ZN8dScene_cD0Ev	
0x0202e1b4	DIVERGED	arm9	_ZN8dScene_c20SetAndStopColorFaderEv	function	_ZN5Scene20SetAndStopColorFaderEv	function	class-rename	_ZN8dScene_c20SetAndStopColorFaderEv	
0x0202e1e0	DIVERGED	arm9	_ZN8dScene_c9SetFadersEP15FaderBrightness	function	_ZN5Scene9SetFadersEP15FaderBrightness	function	class-rename	_ZN8dScene_c9SetFadersEP15FaderBrightness	
0x0202e26c	DIVERGED	arm9	_ZN8dScene_c16SpawnIfNecessaryEv	function	_ZN5Scene16SpawnIfNecessaryEv	function	class-rename	_ZN8dScene_c16SpawnIfNecessaryEv	
0x0202e300	DIVERGED	arm9	_ZN8dScene_c18PrepareToSpawnBootEv	function	_ZN5Scene18PrepareToSpawnBootEv	function	class-rename	_ZN8dScene_c18PrepareToSpawnBootEv	
0x0202e348	DIVERGED	arm9	_ZN8dScene_c14StartSceneFadeEjjt	function	_ZN5Scene14StartSceneFadeEjjt	function	class-rename	_ZN8dScene_c14StartSceneFadeEjjt	
0x0202e36c	DIVERGED	arm9	_ZN8dScene_c15SetSceneToSpawnEjj	function	_ZN5Scene15SetSceneToSpawnEjj	function	class-rename	_ZN8dScene_c15SetSceneToSpawnEjj	
0x0202e398	DIVERGED	arm9	_ZN8dScene_c11AfterRenderEj	function	_ZN5Scene11AfterRenderEj	function	class-rename	_ZN8dScene_c11AfterRenderEj	
0x0202e3a4	DIVERGED	arm9	_ZN8dScene_c12BeforeRenderEv	function	_ZN5Scene12BeforeRenderEv	function	class-rename	_ZN8dScene_c12BeforeRenderEv	
0x0202e3c8	DIVERGED	arm9	_ZN8dScene_c13AfterBehaviorEj	function	_ZN5Scene13AfterBehaviorEj	function	class-rename	_ZN8dScene_c13AfterBehaviorEj	
0x0202e3d4	DIVERGED	arm9	_ZN8dScene_c14BeforeBehaviorEv	function	_ZN5Scene14BeforeBehaviorEv	function	class-rename	_ZN8dScene_c14BeforeBehaviorEv	
0x0202e5d0	DIVERGED	arm9	_ZN8dScene_c21AfterCleanupResourcesEj	function	_ZN5Scene21AfterCleanupResourcesEj	function	class-rename	_ZN8dScene_c21AfterCleanupResourcesEj	
0x0202e5f0	DIVERGED	arm9	_ZN8dScene_c22BeforeCleanupResourcesEv	function	_ZN5Scene22BeforeCleanupResourcesEv	function	class-rename	_ZN8dScene_c22BeforeCleanupResourcesEv	
0x0202e62c	DIVERGED	arm9	_ZN8dScene_c18AfterInitResourcesEj	function	_ZN5Scene18AfterInitResourcesEj	function	class-rename	_ZN8dScene_c18AfterInitResourcesEj	
0x0202e638	DIVERGED	arm9	_ZN8dScene_c19BeforeInitResourcesEv	function	_ZN5Scene19BeforeInitResourcesEv	function	class-rename	_ZN8dScene_c19BeforeInitResourcesEv	
0x0202e66c	DIVERGED	arm9	_ZN8dScene_c19ResetFadersAndSoundEv	function	_ZN5Scene19ResetFadersAndSoundEv	function	class-rename	_ZN8dScene_c19ResetFadersAndSoundEv	
0x0202e6c8	DIVERGED	arm9	_ZN8dScene_c20Initialise3dGraphicsEv	function	_ZN5Scene20Initialise3dGraphicsEv	function	class-rename	_ZN8dScene_c20Initialise3dGraphicsEv	
0x0202e7d4	DIVERGED	arm9	_ZN8dScene_c22ResetHardwareRegistersEv	function	_ZN5Scene22ResetHardwareRegistersEv	function	class-rename	_ZN8dScene_c22ResetHardwareRegistersEv	
0x02035448	DIVERGED	arm9	_ZN5dBgCh19StartDetectingToxicEv	function	_ZN4BgCh19StartDetectingToxicEv	function	class-rename	_ZN5dBgCh19StartDetectingToxicEv	
0x02035488	DIVERGED	arm9	_ZN5dBgCh18StopDetectingWaterEv	function	_ZN4BgCh18StopDetectingWaterEv	function	class-rename	_ZN5dBgCh18StopDetectingWaterEv	
0x0203549c	DIVERGED	arm9	_ZN5dBgCh19StartDetectingWaterEv	function	_ZN4BgCh19StartDetectingWaterEv	function	class-rename	_ZN5dBgCh19StartDetectingWaterEv	
0x020354bc	DIVERGED	arm9	_ZN5dBgCh21StopDetectingOrdinaryEv	function	_ZN4BgCh21StopDetectingOrdinaryEv	function	class-rename	_ZN5dBgCh21StopDetectingOrdinaryEv	
0x02035564	DIVERGED	arm9	_ZNK10dBgCh_Actr15ShouldUpdatePosEv	function	_ZNK12WithMeshClsn15ShouldUpdatePosEv	function	class-rename	_ZNK10dBgCh_Actr15ShouldUpdatePosEv	
0x02035578	DIVERGED	arm9	_ZNK10dBgCh_Actr16ShouldUpdatePosYEv	function	_ZNK12WithMeshClsn16ShouldUpdatePosYEv	function	class-rename	_ZNK10dBgCh_Actr16ShouldUpdatePosYEv	
0x02035610	DIVERGED	arm9	_ZNK10dBgCh_Actr12TouchesWaterEv	function	_ZNK12WithMeshClsn12TouchesWaterEv	function	class-rename	_ZNK10dBgCh_Actr12TouchesWaterEv	
0x02035620	DIVERGED	arm9	_ZNK10dBgCh_Actr14GetResultFlag1Ev	function	_ZNK12WithMeshClsn14GetResultFlag1Ev	function	class-rename	_ZNK10dBgCh_Actr14GetResultFlag1Ev	
0x0203562c	DIVERGED	arm9	_ZNK10dBgCh_Actr8IsOnWallEv	function	_ZNK12WithMeshClsn8IsOnWallEv	function	class-rename	_ZNK10dBgCh_Actr8IsOnWallEv	
0x0203565c	DIVERGED	arm9	_ZNK10dBgCh_Actr13GetWallResultEv	function	_ZNK12WithMeshClsn13GetWallResultEv	function	class-rename	_ZNK10dBgCh_Actr13GetWallResultEv	
0x0203566c	DIVERGED	arm9	_ZNK10dBgCh_Actr14GetFloorResultEv	function	_ZNK12WithMeshClsn14GetFloorResultEv	function	class-rename	_ZNK10dBgCh_Actr14GetFloorResultEv	
0x02035694	DIVERGED	arm9	_ZNK10dBgCh_Actr13GetLimMovFlagEv	function	_ZNK12WithMeshClsn13GetLimMovFlagEv	function	class-rename	_ZNK10dBgCh_Actr13GetLimMovFlagEv	
0x020356a0	DIVERGED	arm9	_ZN10dBgCh_Actr15ClearLimMovFlagEv	function	_ZN12WithMeshClsn15ClearLimMovFlagEv	function	class-rename	_ZN10dBgCh_Actr15ClearLimMovFlagEv	
0x020356b4	DIVERGED	arm9	_ZN10dBgCh_Actr13SetLimMovFlagEv	function	_ZN12WithMeshClsn13SetLimMovFlagEv	function	class-rename	_ZN10dBgCh_Actr13SetLimMovFlagEv	
0x020356e8	DIVERGED	arm9	_ZNK10dBgCh_Actr10IsOnGroundEv	function	_ZNK12WithMeshClsn10IsOnGroundEv	function	class-rename	_ZNK10dBgCh_Actr10IsOnGroundEv	
0x020356f4	DIVERGED	arm9	_ZN10dBgCh_Actr15ClearGroundFlagEv	function	_ZN12WithMeshClsn15ClearGroundFlagEv	function	class-rename	_ZN10dBgCh_Actr15ClearGroundFlagEv	
0x02035708	DIVERGED	arm9	_ZN10dBgCh_Actr13SetGroundFlagEv	function	_ZN12WithMeshClsn13SetGroundFlagEv	function	class-rename	_ZN10dBgCh_Actr13SetGroundFlagEv	
0x0203571c	DIVERGED	arm9	_ZNK10dBgCh_Actr13JustHitGroundEv	function	_ZNK12WithMeshClsn13JustHitGroundEv	function	class-rename	_ZNK10dBgCh_Actr13JustHitGroundEv	
0x02035728	DIVERGED	arm9	_ZN10dBgCh_Actr22ClearJustHitGroundFlagEv	function	_ZN12WithMeshClsn22ClearJustHitGroundFlagEv	function	class-rename	_ZN10dBgCh_Actr22ClearJustHitGroundFlagEv	
0x02035750	DIVERGED	arm9	_ZN10dBgCh_Actr19ClearAllGroundFlagsEv	function	_ZN12WithMeshClsn19ClearAllGroundFlagsEv	function	class-rename	_ZN10dBgCh_Actr19ClearAllGroundFlagsEv	
0x02035820	DIVERGED	arm9	_ZN10dBgCh_Actr18StopDetectingWaterEv	function	_ZN12WithMeshClsn18StopDetectingWaterEv	function	class-rename	_ZN10dBgCh_Actr18StopDetectingWaterEv	
0x02035840	DIVERGED	arm9	_ZN10dBgCh_Actr19StartDetectingWaterEv	function	_ZN12WithMeshClsn19StartDetectingWaterEv	function	class-rename	_ZN10dBgCh_Actr19StartDetectingWaterEv	
0x0203589c	DIVERGED	arm9	_ZN10dBgCh_Actr12Unk_0203589cEv	function	_ZN12WithMeshClsn12Unk_0203589cEv	function	class-rename	_ZN10dBgCh_Actr12Unk_0203589cEv	
0x020358ac	DIVERGED	arm9	_ZN10dBgCh_Actr20UpdateExtraContinousEv	function	_ZN12WithMeshClsn20UpdateExtraContinousEv	function	class-rename	_ZN10dBgCh_Actr20UpdateExtraContinousEv	
0x02036318	DIVERGED	arm9	_ZN10dBgCh_Actr22UpdateContinuousNoLavaEv	function	_ZN12WithMeshClsn22UpdateContinuousNoLavaEv	function	class-rename	_ZN10dBgCh_Actr22UpdateContinuousNoLavaEv	
0x020366b4	DIVERGED	arm9	_ZN10dBgCh_Actr16UpdateContinuousEv	function	_ZN12WithMeshClsn16UpdateContinuousEv	function	class-rename	_ZN10dBgCh_Actr16UpdateContinuousEv	
0x02036ee4	DIVERGED	arm9	_ZN10dBgCh_Actr22UpdateDiscreteNoLava_2Ev	function	_ZN12WithMeshClsn22UpdateDiscreteNoLava_2Ev	function	class-rename	_ZN10dBgCh_Actr22UpdateDiscreteNoLava_2Ev	
0x02037024	DIVERGED	arm9	_ZN10dBgCh_Actr20UpdateDiscreteNoLavaEv	function	_ZN12WithMeshClsn20UpdateDiscreteNoLavaEv	function	class-rename	_ZN10dBgCh_Actr20UpdateDiscreteNoLavaEv	
0x02037388	DIVERGED	arm9	_ZN10dBgCh_Actr4InitEP8dActor_c5Fix12IiES3_P10Vector3_16S5_	function	_ZN12WithMeshClsn4InitEP5Actor5Fix12IiES3_P10Vector3_16S5_	function	class-rename+arg-rename	_ZN10dBgCh_Actr4InitEP8dActor_c5Fix12IiES3_P10Vector3_16S5_	
0x020373f8	DIVERGED	arm9	_ZN10dBgCh_ActrD1Ev	function	_ZN12WithMeshClsnD1Ev	function	class-rename	_ZN10dBgCh_ActrD1Ev	
0x02037430	DIVERGED	arm9	_ZN10dBgCh_ActrC1Ev	function	_ZN12WithMeshClsnC1Ev	function	class-rename	_ZN10dBgCh_ActrC1Ev	
0x0203748c	DIVERGED	arm9	_ZN9dBgCh_Gnd12SetObjAndPosERK7Vector3P8dActor_c	function	_ZN13RaycastGround12SetObjAndPosERK7Vector3P5Actor	function	class-rename+arg-rename	_ZN9dBgCh_Gnd12SetObjAndPosERK7Vector3P8dActor_c	
0x02037534	DIVERGED	arm9	_ZN9dBgCh_GndD1Ev	function	_ZN13RaycastGroundD1Ev	function	class-rename	_ZN9dBgCh_GndD1Ev	
0x02037570	DIVERGED	arm9	_ZN9dBgCh_GndC1Ev	function	_ZN13RaycastGroundC1Ev	function	class-rename	_ZN9dBgCh_GndC1Ev	
0x020375d0	DIVERGED	arm9	_ZN9dBgCh_Lin10GetClsnPosEv	function	_ZN11RaycastLine10GetClsnPosEv	function	class-rename	_ZN9dBgCh_Lin10GetClsnPosEv	
0x02037670	DIVERGED	arm9	_ZN9dBgCh_Lin13SetObjAndLineERK7Vector3S2_P8dActor_c	function	_ZN11RaycastLine13SetObjAndLineERK7Vector3S2_P5Actor	function	class-rename+arg-rename	_ZN9dBgCh_Lin13SetObjAndLineERK7Vector3S2_P8dActor_c	
0x02037764	DIVERGED	arm9	_ZN9dBgCh_LinD1Ev	function	_ZN11RaycastLineD1Ev	function	class-rename	_ZN9dBgCh_LinD1Ev	
0x020377b0	DIVERGED	arm9	_ZN9dBgCh_LinC1Ev	function	_ZN11RaycastLineC1Ev	function	class-rename	_ZN9dBgCh_LinC1Ev	
0x020378e4	DIVERGED	arm9	_ZN12dBgCh_SphCrr14SetFloorResultERK5dBgPi	function	_ZN10SphereClsn14SetFloorResultERK10ClsnResult	function	class-rename+arg-rename	_ZN12dBgCh_SphCrr14SetFloorResultERK5dBgPi	
0x02037c00	DIVERGED	arm9	_ZN12dBgCh_SphCrr15SetObjAndSphereERK7Vector35Fix12IiEP8dActor_c	function	_ZN10SphereClsn15SetObjAndSphereERK7Vector35Fix12IiEP5Actor	function	class-rename+arg-rename	_ZN12dBgCh_SphCrr15SetObjAndSphereERK7Vector35Fix12IiEP8dActor_c	
0x02037cb0	DIVERGED	arm9	_ZN12dBgCh_SphCrrD1Ev	function	_ZN10SphereClsnD1Ev	function	class-rename	_ZN12dBgCh_SphCrrD1Ev	
0x02037d18	DIVERGED	arm9	_ZN12dBgCh_SphCrrC1Ev	function	_ZN10SphereClsnC1Ev	function	class-rename	_ZN12dBgCh_SphCrrC1Ev	
0x02037f4c	DIVERGED	arm9	_ZNK5dBgPi9GetClsnIDEv	function	_ZNK10ClsnResult9GetClsnIDEv	function	class-rename	_ZNK5dBgPi9GetClsnIDEv	
0x02038018	DIVERGED	arm9	_ZN5dBgPiaSERKS_	function	_ZN10ClsnResultaSERKS_	function	plain		
0x0203806c	DIVERGED	arm9	_ZNK5dBgPi6CopyToERS_	function	_ZNK10ClsnResult6CopyToERS_	function	class-rename+arg-rename	_ZNK5dBgPi6CopyToERS_	
0x02038144	DIVERGED	arm9	_ZN5dBgPiD1Ev	function	_ZN10ClsnResultD1Ev	function	class-rename	_ZN5dBgPiD1Ev	
0x0203816c	DIVERGED	arm9	_ZN5dBgPiC1Ev	function	_ZN10ClsnResultC1Ev	function	class-rename	_ZN5dBgPiC1Ev	
0x02038638	DIVERGED	arm9	_ZN9dBgCh_Lin10DetectClsnEv	function	_ZN11RaycastLine10DetectClsnEv	function	class-rename	_ZN9dBgCh_Lin10DetectClsnEv	
0x02038b78	DIVERGED	arm9	_ZN12dBgCh_SphCrr10DetectClsnEv	function	_ZN10SphereClsn10DetectClsnEv	function	class-rename	_ZN12dBgCh_SphCrr10DetectClsnEv	
0x02038f44	DIVERGED	arm9	_ZN9dBgCh_Gnd10DetectClsnEv	function	_ZN13RaycastGround10DetectClsnEv	function	class-rename	_ZN9dBgCh_Gnd10DetectClsnEv	
0x02039140	DIVERGED	arm9	_ZN4dBgW7DisableEv	function	_ZN16MeshColliderBase7DisableEv	function	class-rename	_ZN4dBgW7DisableEv	
0x02039184	DIVERGED	arm9	_ZN4dBgW6EnableEP8dActor_c	function	_ZN16MeshColliderBase6EnableEP5Actor	function	class-rename+arg-rename	_ZN4dBgW6EnableEP8dActor_c	
0x0203923c	DIVERGED	arm9	_ZN4dBgW21UpdatePosWithVelocityERS_P8dActor_cR5dBgPiR7Vector3P10Vector3_16S8_	function	_ZN16MeshColliderBase21UpdatePosWithVelocityERS_P5ActorR10ClsnResultR7Vector3P10Vector3_16S8_	function	class-rename+arg-rename	_ZN4dBgW21UpdatePosWithVelocityERS_P8dActor_cR5dBgPiR7Vector3P10Vector3_16S8_	
0x0203929c	DIVERGED	arm9	_ZN4dBgW16UpdatePosAndAngsERS_P8dActor_cR5dBgPiR7Vector3P10Vector3_16S8_	function	_ZN16MeshColliderBase16UpdatePosAndAngsERS_P5ActorR10ClsnResultR7Vector3P10Vector3_16S8_	function	class-rename+arg-rename	_ZN4dBgW16UpdatePosAndAngsERS_P8dActor_cR5dBgPiR7Vector3P10Vector3_16S8_	
0x020392f8	DIVERGED	arm9	_ZN4dBgW25UpdateAngsWithAngularVelYERS_P8dActor_cR5dBgPiR7Vector3P10Vector3_16S8_	function	_ZN16MeshColliderBase25UpdateAngsWithAngularVelYERS_P5ActorR10ClsnResultR7Vector3P10Vector3_16S8_	function	class-rename+arg-rename	_ZN4dBgW25UpdateAngsWithAngularVelYERS_P8dActor_cR5dBgPiR7Vector3P10Vector3_16S8_	
0x02039348	DIVERGED	arm9	_ZN4dBgW22UpdatePosWithTransformERS_P8dActor_cR5dBgPiR7Vector3P10Vector3_16S8_	function	_ZN16MeshColliderBase22UpdatePosWithTransformERS_P5ActorR10ClsnResultR7Vector3P10Vector3_16S8_	function	class-rename+arg-rename	_ZN4dBgW22UpdatePosWithTransformERS_P8dActor_cR5dBgPiR7Vector3P10Vector3_16S8_	
0x020393dc	DIVERGED	arm9	_ZN4dBgW9IsEnabledEv	function	_ZN16MeshColliderBase9IsEnabledEv	function	class-rename	_ZN4dBgW9IsEnabledEv	
0x0203940c	DIVERGED	arm9	_ZN4dBgW11GetVelocityER7Vector3	function	_ZN16MeshColliderBase11GetVelocityER7Vector3	function	class-rename	_ZN4dBgW11GetVelocityER7Vector3	
0x02039428	DIVERGED	arm9	_ZN4dBgW14GetAngularVelYEv	function	_ZN16MeshColliderBase14GetAngularVelYEv	function	class-rename	_ZN4dBgW14GetAngularVelYEv	
0x02039430	DIVERGED	arm9	_ZN4dBgW12TransformPosERK7Vector3RS0_	function	_ZN16MeshColliderBase12TransformPosERK7Vector3RS0_	function	class-rename	_ZN4dBgW12TransformPosERK7Vector3RS0_	
0x02039438	DIVERGED	arm9	_ZN4dBgW10BeforeClsnER5dBgPiP8dActor_cR7Vector3P10Vector3_16S7_	function	_ZN16MeshColliderBase10BeforeClsnER10ClsnResultP5ActorR7Vector3P10Vector3_16S7_	function	class-rename+arg-rename	_ZN4dBgW10BeforeClsnER5dBgPiP8dActor_cR7Vector3P10Vector3_16S7_	
0x02039470	DIVERGED	arm9	_ZN4dBgW10DetectClsnER12dBgCh_SphCrr	function	_ZN16MeshColliderBase10DetectClsnER10SphereClsn	function	class-rename+arg-rename	_ZN4dBgW10DetectClsnER12dBgCh_SphCrr	
0x02039478	DIVERGED	arm9	_ZN4dBgW10DetectClsnER9dBgCh_Lin	function	_ZN16MeshColliderBase10DetectClsnER11RaycastLine	function	class-rename+arg-rename	_ZN4dBgW10DetectClsnER9dBgCh_Lin	
0x02039480	DIVERGED	arm9	_ZN4dBgW10DetectClsnER9dBgCh_Gnd	function	_ZN16MeshColliderBase10DetectClsnER13RaycastGround	function	class-rename+arg-rename	_ZN4dBgW10DetectClsnER9dBgCh_Gnd	
0x02039488	DIVERGED	arm9	_ZN5dBgCh21ShouldPassThroughImplEPvRK4CLPSRKS_b	function	_ZN4BgCh21ShouldPassThroughImplEPvRK4CLPSRKS_b	function	class-rename+arg-rename	_ZN5dBgCh21ShouldPassThroughImplEPvRK4CLPSRKS_b	
0x02039620	DIVERGED	arm9	_ZN4dBgW9Virtual08Ev	function	_ZN16MeshColliderBase9Virtual08Ev	function	class-rename	_ZN4dBgW9Virtual08Ev	
0x02039668	DIVERGED	arm9	_ZN4dBgWD0Ev	function	_ZN16MeshColliderBaseD0Ev	function	class-rename	_ZN4dBgWD0Ev	
0x0203968c	DIVERGED	arm9	_ZN4dBgWD1Ev	function	_ZN16MeshColliderBaseD2Ev	function	class-rename+dtor-variant	_ZN4dBgWD1Ev	
0x0203969c	DIVERGED	arm9	_ZN4dBgWC2Ev	function	_ZN16MeshColliderBaseC2Ev	function	class-rename	_ZN4dBgWC2Ev	
0x020396d8	DIVERGED	arm9	_ZN7dBgW_Kc9Virtual08Ev	function	_ZN12MeshCollider9Virtual08Ev	function	class-rename	_ZN7dBgW_Kc9Virtual08Ev	
0x020396f0	DIVERGED	arm9	_ZN7dBgW_Kc7SetFileEP8KCL_FileR10CLPS_Block	function	_ZN12MeshCollider7SetFileEP8KCL_FileR10CLPS_Block	function	class-rename	_ZN7dBgW_Kc7SetFileEP8KCL_FileR10CLPS_Block	
0x02039760	DIVERGED	arm9	_ZN7dBgW_Kc17UpdateFileOffsetsER8KCL_File	function	_ZN12MeshCollider17UpdateFileOffsetsER8KCL_File	function	class-rename	_ZN7dBgW_Kc17UpdateFileOffsetsER8KCL_File	
0x0203982c	DIVERGED	arm9	_ZN7dBgW_KcD0Ev	function	_ZN12MeshColliderD0Ev	function	class-rename	_ZN7dBgW_KcD0Ev	
0x02039864	DIVERGED	arm9	_ZN7dBgW_KcD1Ev	function	_ZN12MeshColliderD1Ev	function	class-rename	_ZN7dBgW_KcD1Ev	
0x02039894	DIVERGED	arm9	_ZN7dBgW_KcC1Ev	function	_ZN12MeshColliderC1Ev	function	class-rename	_ZN7dBgW_KcC1Ev	
0x02039908	DIVERGED	arm9	_ZN10dBgW_KcMbg11GetVelocityER7Vector3	function	_ZN18MovingMeshCollider11GetVelocityER7Vector3	function	class-rename	_ZN10dBgW_KcMbg11GetVelocityER7Vector3	
0x02039924	DIVERGED	arm9	_ZN10dBgW_KcMbg14GetAngularVelYEv	function	_ZN18MovingMeshCollider14GetAngularVelYEv	function	class-rename	_ZN10dBgW_KcMbg14GetAngularVelYEv	
0x02039930	DIVERGED	arm9	_ZN10dBgW_KcMbg12TransformPosERK7Vector3RS0_	function	_ZN18MovingMeshCollider12TransformPosERK7Vector3RS0_	function	class-rename	_ZN10dBgW_KcMbg12TransformPosERK7Vector3RS0_	
0x02039970	DIVERGED	arm9	_ZN10dBgW_KcMbg10DetectClsnER9dBgCh_Lin	function	_ZN18MovingMeshCollider10DetectClsnER11RaycastLine	function	class-rename+arg-rename	_ZN10dBgW_KcMbg10DetectClsnER9dBgCh_Lin	
0x02039a3c	DIVERGED	arm9	_ZN10dBgW_KcMbg10DetectClsnER12dBgCh_SphCrr	function	_ZN18MovingMeshCollider10DetectClsnER10SphereClsn	function	class-rename+arg-rename	_ZN10dBgW_KcMbg10DetectClsnER12dBgCh_SphCrr	
0x02039cb8	DIVERGED	arm9	_ZN10dBgW_KcMbg10DetectClsnER9dBgCh_Gnd	function	_ZN18MovingMeshCollider10DetectClsnER13RaycastGround	function	class-rename+arg-rename	_ZN10dBgW_KcMbg10DetectClsnER9dBgCh_Gnd	
0x02039e60	DIVERGED	arm9	_ZN10dBgW_KcMbg17GetTriangleOriginEsR7Vector3	function	_ZN18MovingMeshCollider17GetTriangleOriginEsR7Vector3	function	class-rename	_ZN10dBgW_KcMbg17GetTriangleOriginEsR7Vector3	
0x02039ec0	DIVERGED	arm9	_ZN10dBgW_KcMbg9GetNormalEsR7Vector3	function	_ZN18MovingMeshCollider9GetNormalEsR7Vector3	function	class-rename	_ZN10dBgW_KcMbg9GetNormalEsR7Vector3	
0x02039f20	DIVERGED	arm9	_ZN10dBgW_KcMbg9TransformERK9Matrix4x3s	function	_ZN18MovingMeshCollider9TransformERK9Matrix4x3s	function	class-rename	_ZN10dBgW_KcMbg9TransformERK9Matrix4x3s	
0x0203a1dc	DIVERGED	arm9	_ZN10dBgW_KcMbg9Virtual08Ev	function	_ZN18MovingMeshCollider9Virtual08Ev	function	class-rename	_ZN10dBgW_KcMbg9Virtual08Ev	
0x0203a1e0	DIVERGED	arm9	_ZN10dBgW_KcMbg7SetFileEP8KCL_FileRK9Matrix4x35Fix12IiEsR10CLPS_Block	function	_ZN18MovingMeshCollider7SetFileEP8KCL_FileRK9Matrix4x35Fix12IiEsR10CLPS_Block	function	class-rename	_ZN10dBgW_KcMbg7SetFileEP8KCL_FileRK9Matrix4x35Fix12IiEsR10CLPS_Block	
0x0203a444	DIVERGED	arm9	_ZN10dBgW_KcMbgD0Ev	function	_ZN18MovingMeshColliderD0Ev	function	class-rename	_ZN10dBgW_KcMbgD0Ev	
0x0203a470	DIVERGED	arm9	_ZN10dBgW_KcMbgD1Ev	function	_ZN18MovingMeshColliderD1Ev	function	class-rename	_ZN10dBgW_KcMbgD1Ev	
0x0203a494	DIVERGED	arm9	_ZN10dBgW_KcMbgC1Ev	function	_ZN18MovingMeshColliderC1Ev	function	class-rename	_ZN10dBgW_KcMbgC1Ev	
0x0203a4dc	DIVERGED	arm9	_ZN14dBgW_KcMbgSclY9GetNormalEsR7Vector3	function	_ZN21ExtendingMeshCollider9GetNormalEsR7Vector3	function	class-rename	_ZN14dBgW_KcMbgSclY9GetNormalEsR7Vector3	
0x0203a594	DIVERGED	arm9	_ZN14dBgW_KcMbgSclY10DetectClsnER9dBgCh_Lin	function	_ZN21ExtendingMeshCollider10DetectClsnER11RaycastLine	function	class-rename+arg-rename	_ZN14dBgW_KcMbgSclY10DetectClsnER9dBgCh_Lin	
0x0203a660	DIVERGED	arm9	_ZN14dBgW_KcMbgSclY10DetectClsnER12dBgCh_SphCrr	function	_ZN21ExtendingMeshCollider10DetectClsnER10SphereClsn	function	class-rename+arg-rename	_ZN14dBgW_KcMbgSclY10DetectClsnER12dBgCh_SphCrr	
0x0203a8fc	DIVERGED	arm9	_ZN14dBgW_KcMbgSclY10DetectClsnER9dBgCh_Gnd	function	_ZN21ExtendingMeshCollider10DetectClsnER13RaycastGround	function	class-rename+arg-rename	_ZN14dBgW_KcMbgSclY10DetectClsnER9dBgCh_Gnd	
0x0203aa0c	DIVERGED	arm9	_ZN14dBgW_KcMbgSclY9Virtual08Ev	function	_ZN21ExtendingMeshCollider9Virtual08Ev	function	class-rename	_ZN14dBgW_KcMbgSclY9Virtual08Ev	
0x0203aad8	DIVERGED	arm9	_ZN14dBgW_KcMbgSclY9SetScaleYE5Fix12IiE	function	_ZN21ExtendingMeshCollider9SetScaleYE5Fix12IiE	function	class-rename	_ZN14dBgW_KcMbgSclY9SetScaleYE5Fix12IiE	
0x0203ab04	DIVERGED	arm9	_ZN14dBgW_KcMbgSclY7SetFileEP8KCL_FileRK9Matrix4x35Fix12IiEsR10CLPS_Block	function	_ZN21ExtendingMeshCollider7SetFileEP8KCL_FileRK9Matrix4x35Fix12IiEsR10CLPS_Block	function	class-rename	_ZN14dBgW_KcMbgSclY7SetFileEP8KCL_FileRK9Matrix4x35Fix12IiEsR10CLPS_Block	
0x0203ab3c	DIVERGED	arm9	_ZN14dBgW_KcMbgSclYD0Ev	function	_ZN21ExtendingMeshColliderD0Ev	function	class-rename	_ZN14dBgW_KcMbgSclYD0Ev	
0x0203ab68	DIVERGED	arm9	_ZN14dBgW_KcMbgSclYD1Ev	function	_ZN21ExtendingMeshColliderD1Ev	function	class-rename	_ZN14dBgW_KcMbgSclYD1Ev	
0x0203ab8c	DIVERGED	arm9	_ZN14dBgW_KcMbgSclYC1Ev	function	_ZN21ExtendingMeshColliderC1Ev	function	class-rename	_ZN14dBgW_KcMbgSclYC1Ev	
0x0203b4ac	DIVERGED	arm9	_ZN7fBase_c9SceneNode5ResetEv	function	_ZN9ActorBase9SceneNode5ResetEv	function	class-rename	_ZN7fBase_c9SceneNode5ResetEv	
0x0203b4c4	DIVERGED	arm9	_ZN7fBase_c9SceneNodeC1Ev	function	_ZN9ActorBase9SceneNodeC1Ev	function	class-rename	_ZN7fBase_c9SceneNodeC1Ev	
0x0203c6ac	DIVERGED	arm9	_ZN9SolidHeap9VAllocateEji	function	_ZN9SolidHeap9VAllocateEjj	function	signature-fix	_ZN9SolidHeap9VAllocateEji	
0x0203caac	DIVERGED	arm9	_ZN4HeapC2EPvjPS_	function	_ZN4HeapC1EPvjP4Heap	function	ctor-variant	_ZN4HeapC2EPvjPS_	
0x0203cc0c	CONFIG-PLACEHOLDER	arm9	func_0203cc0c	function	_Znwj	function	placeholder		
0x02043444	DIVERGED	arm9	_ZN7fBase_cnwEj	function	_ZN9ActorBasenwEj	function	plain		
0x02043494	DIVERGED	arm9	_ZN7fBase_c13OnHeapCreatedEv	function	_ZN9ActorBase13OnHeapCreatedEv	function	class-rename	_ZN7fBase_c13OnHeapCreatedEv	
0x0204349c	DIVERGED	arm9	_ZN7fBase_c9Virtual38Ejj	function	_ZN9ActorBase9Virtual38Ejj	function	class-rename	_ZN7fBase_c9Virtual38Ejj	
0x0204357c	DIVERGED	arm9	_ZN7fBase_c9Virtual34Ejj	function	_ZN9ActorBase9Virtual34Ejj	function	class-rename	_ZN7fBase_c9Virtual34Ejj	
0x02043824	DIVERGED	arm9	_ZN7fBase_c18MarkForDestructionEv	function	_ZN9ActorBase18MarkForDestructionEv	function	class-rename	_ZN7fBase_c18MarkForDestructionEv	
0x02043ac0	DIVERGED	arm9	_ZN7fBase_c16OnPendingDestroyEv	function	_ZN9ActorBase16OnPendingDestroyEv	function	class-rename	_ZN7fBase_c16OnPendingDestroyEv	
0x02043ac4	DIVERGED	arm9	_ZN7fBase_c11AfterRenderEj	function	_ZN9ActorBase11AfterRenderEj	function	class-rename	_ZN7fBase_c11AfterRenderEj	
0x02043ac8	DIVERGED	arm9	_ZN7fBase_c12BeforeRenderEv	function	_ZN9ActorBase12BeforeRenderEv	function	class-rename	_ZN7fBase_c12BeforeRenderEv	
0x02043af0	DIVERGED	arm9	_ZN7fBase_c6RenderEv	function	_ZN9ActorBase6RenderEv	function	class-rename	_ZN7fBase_c6RenderEv	
0x02043af8	DIVERGED	arm9	_ZN7fBase_c13AfterBehaviorEj	function	_ZN9ActorBase13AfterBehaviorEj	function	class-rename	_ZN7fBase_c13AfterBehaviorEj	
0x02043afc	DIVERGED	arm9	_ZN7fBase_c14BeforeBehaviorEv	function	_ZN9ActorBase14BeforeBehaviorEv	function	class-rename	_ZN7fBase_c14BeforeBehaviorEv	
0x02043b24	DIVERGED	arm9	_ZN7fBase_c8BehaviorEv	function	_ZN9ActorBase8BehaviorEv	function	class-rename	_ZN7fBase_c8BehaviorEv	
0x02043b2c	DIVERGED	arm9	_ZN7fBase_c21AfterCleanupResourcesEj	function	_ZN9ActorBase21AfterCleanupResourcesEj	function	class-rename	_ZN7fBase_c21AfterCleanupResourcesEj	
0x02043bac	DIVERGED	arm9	_ZN7fBase_c22BeforeCleanupResourcesEv	function	_ZN9ActorBase22BeforeCleanupResourcesEv	function	class-rename	_ZN7fBase_c22BeforeCleanupResourcesEv	
0x02043bf0	DIVERGED	arm9	_ZN7fBase_c16CleanupResourcesEv	function	_ZN9ActorBase16CleanupResourcesEv	function	class-rename	_ZN7fBase_c16CleanupResourcesEv	
0x02043bf8	DIVERGED	arm9	_ZN7fBase_c18AfterInitResourcesEj	function	_ZN9ActorBase18AfterInitResourcesEj	function	class-rename	_ZN7fBase_c18AfterInitResourcesEj	
0x02043c78	DIVERGED	arm9	_ZN7fBase_c19BeforeInitResourcesEv	function	_ZN9ActorBase19BeforeInitResourcesEv	function	class-rename	_ZN7fBase_c19BeforeInitResourcesEv	
0x02043c80	DIVERGED	arm9	_ZN7fBase_c13InitResourcesEv	function	_ZN9ActorBase13InitResourcesEv	function	class-rename	_ZN7fBase_c13InitResourcesEv	
0x02043c88	DIVERGED	arm9	_ZN7fBase_c7ProcessEMS_FivEMS_FbvEMS_FvjE	function	_ZN9ActorBase7ProcessEMS_FivEMS_FbvEMS_FvjE	function	class-rename+arg-rename	_ZN7fBase_c7ProcessEMS_FivEMS_FbvEMS_FvjE	
0x02043d48	DIVERGED	arm9	_ZN7fBase_cD2Ev	function	_ZN9ActorBaseD1Ev	function	class-rename+dtor-variant	_ZN7fBase_cD2Ev	
0x02043d78	DIVERGED	arm9	_ZN7fBase_cD0Ev	function	_ZN9ActorBaseD0Ev	function	class-rename	_ZN7fBase_cD0Ev	
0x02043dbc	DIVERGED	arm9	_ZN7fBase_cD1Ev	function	_ZN9ActorBaseD2Ev	function	class-rename+dtor-variant	_ZN7fBase_cD1Ev	
0x02043dec	DIVERGED	arm9	_ZN7fBase_cC2Ev	function	_ZN9ActorBaseC1Ev	function	class-rename+ctor-variant	_ZN7fBase_cC2Ev	
0x02045b58	DIVERGED	arm9	_ZN5Model27LoadCompressedTextureToVramEPcjS0_	function	_ZN5Model27LoadCompressedTextureToVramEPcjPc	function	canonical-spelling	_ZN5Model27LoadCompressedTextureToVramEPcjS0_	
0x020469ac	DIVERGED	arm9	_ZN9Animation17UpdateFileOffsetsER8BCA_File	function	_ZN9Animation17UpdateFileOffsets_ZN9AnimationER8BCA_File	function	plain		
0x0204df54	CONFIG-PLACEHOLDER	arm9	func_0204df54	function	_ZN13HeapAllocatorC1EjPvPvj	function	placeholder		
0x0204e08c	DIVERGED	arm9	_ZN22ExpandingHeapAllocator13DeallocateAllEPFvPvPS_jEj	function	_ZN22ExpandingHeapAllocator13DeallocateAllEPPFvPvPS_jEj	function	signature-fix	_ZN22ExpandingHeapAllocator13DeallocateAllEPFvPvPS_jEj	
0x0204e690	DIVERGED	arm9	_ZN22ExpandingHeapAllocator12AllocateNodeEP10MemoryNodeS1_Pvjt	function	_ZN22ExpandingHeapAllocator12AllocateNodeEP10MemoryNodeS1_Pvjj	function	signature-fix	_ZN22ExpandingHeapAllocator12AllocateNodeEP10MemoryNodeS1_Pvjt	
0x02052551	NO-SLOT	-	-	-	Matrix3x3_SetRotationX	data	no-slot		
0x0205256d	NO-SLOT	-	-	-	Matrix3x3_SetRotationY	data	no-slot		
0x020527e9	NO-SLOT	-	-	-	Matrix4x3_FromScale	data	no-slot		
0x0205525c	DIVERGED	arm9	_ZN3G2x13SetBlendAlphaEPVttttj	function	_ZN3G2x13SetBlendAlphaEPVttttt	function	signature-fix	_ZN3G2x13SetBlendAlphaEPVttttj	
0x02056cc0	DIVERGED	arm9	_ZN3IRQ13DmaTimHandlerEj	function	_ZN3IRQ13DmaTimHandlerEv	function	signature-fix	_ZN3IRQ13DmaTimHandlerEj	
0x0206cd44	DIVERGED	arm9	_ZN4cstd8__assertEPKcS1_S1_i	function	_ZN4cstd8__assertEPKcPKcPKci	function	canonical-spelling	_ZN4cstd8__assertEPKcS1_S1_i	
0x0206d9dc	NO-SLOT	-	-	-	_ZN3IRQ11SetFIQStateEb	data	no-slot		
0x0206da28	NO-SLOT	-	-	-	_ZN3IRQ11SetIRQStateEb	data	no-slot		
0x02075264	CONFIG-PLACEHOLDER	arm9	data_02075264	data	LEVEL_PART_TABLE	data	placeholder		
0x020755a0	CONFIG-PLACEHOLDER	arm9	data_020755a0	data	_ZN3OAM8objWidthE	data	placeholder		
0x020755ac	CONFIG-PLACEHOLDER	arm9	data_020755ac	data	_ZN3OAM9objHeightE	data	placeholder		
0x02075804	CONFIG-PLACEHOLDER	arm9	data_02075804	data	ACTOR_BANK_OVL_MAP	data	placeholder		
0x020758c8	CONFIG-PLACEHOLDER	arm9	data_020758c8	data	LEVEL_OVL_MAP	data	placeholder		
0x02075d14	CONFIG-PLACEHOLDER	arm9	data_02075d14	data	UTF16_TO_FONT_TABLE	data	placeholder		
0x02075f14	CONFIG-PLACEHOLDER	arm9	data_02075f14	data	PARTICLE_ROM_EMBEDDED_FILE	data	placeholder		
0x0207cd74	NO-SLOT	-	-	-	TEX_ROM_EMBEDDED_FILE	data	no-slot		
0x02082128	DIVERGED	arm9	IDENTITY_MATRIX4X3	data	_ZN9Matrix3x38IDENTITYE	data	plain		
0x02082214	CONFIG-PLACEHOLDER	arm9	data_02082214	data	SINE_TABLE	data	placeholder		
0x02082216	NO-SLOT	-	-	-	_ZN4cstd12cosine_tableE	data	no-slot		
0x02087c00	CONFIG-PLACEHOLDER	arm9	data_02087c00	data	BOB_CREDITS_CUTSCENE	data	placeholder		
0x020890a0	CONFIG-PLACEHOLDER	arm9	data_020890a0	data	INTRO_CUTSCENE	data	placeholder		
0x02089608	CONFIG-PLACEHOLDER	arm9	data_02089608	data	FALL_IN_FRONT_OF_CASTLE_CUTSCENE	data	placeholder		
0x0208a178	CONFIG-PLACEHOLDER	arm9	data_0208a178	data	font_2D_ncg_bin	data	placeholder		
0x0208c178	CONFIG-PLACEHOLDER	arm9	data_0208c178	data	font_2D_ncl_bin	data	placeholder		
0x0208c378	CONFIG-PLACEHOLDER	arm9	data_0208c378	data	debug_level_select_arrow_ncg_bin	data	placeholder		
0x0208e3a4	DIVERGED	arm9,arm9	_ZTV8dActor_c;data_0208e3a4	data	_ZTV5Actor	data	class-rename	_ZTV8dActor_c	
0x0208e434	CONFIG-PLACEHOLDER	arm9	data_0208e434	data	JRB_SOUND_SPECIFICS	data	placeholder		
0x0208e438	CONFIG-PLACEHOLDER	arm9	data_0208e438	data	SOUND_SPECIFICS	data	placeholder		
0x0208e4b8	DIVERGED	arm9,arm9	_ZTV7dBase_c;data_0208e4b8	data	_ZTV12ActorDerived	data	class-rename	_ZTV7dBase_c	
0x0208e6bc	DIVERGED	arm9	_ZTV8dCcPos_c	data	_ZTV19CylinderClsnWithPos	data	class-rename	_ZTV8dCcPos_c	
0x0208e6d4	DIVERGED	arm9	_ZTV7dCcAc_c	data	_ZTV18MovingCylinderClsn	data	class-rename	_ZTV7dCcAc_c	
0x0208e6ec	DIVERGED	arm9,arm9	_ZTV5dCc_c;data_0208e6ec	data	_ZTV12CylinderClsn	data	class-rename	_ZTV5dCc_c	
0x0208e704	DIVERGED	arm9	_ZTV10dCcAcPos_c	data	_ZTV25MovingCylinderClsnWithPos	data	class-rename	_ZTV10dCcAcPos_c	
0x0208ecf4	CONFIG-PLACEHOLDER	arm9	data_0208ecf4	data	ARCHIVE_INFOS	data	placeholder		
0x0208ee3c	CONFIG-PLACEHOLDER	arm9	data_0208ee3c	data	BACKLIGHT_ENABLED	data	placeholder		
0x0208ee44	CONFIG-PLACEHOLDER	arm9	data_0208ee44	data	GAME_SPEED_RELATED	data	placeholder		
0x0208ee64	CONFIG-PLACEHOLDER	arm9	data_0208ee64	data	POWERS_OF_TEN	data	placeholder		
0x0208ee74	CONFIG-PLACEHOLDER	arm9	data_0208ee74	data	DIGIT_ENC_ARR	data	placeholder		
0x0208eeec	CONFIG-PLACEHOLDER	arm9	data_0208eeec	data	MSG_ID_CHAR_MAP	data	placeholder		
0x0208f074	CONFIG-PLACEHOLDER	arm9	data_0208f074	data	TALK_FONT_CHAR_WIDTHS	data	placeholder		
0x0208f9d0	NO-SLOT	-	-	-	_ZN8Particle7Manager7LoadTexEjj	data	no-slot		
0x02090864	DIVERGED	arm9	ACTOR_SPAWN_TABLE	data	_Z6DLLoadi	data	plain		
0x02090900	NO-SLOT	-	-	-	_Z21DLCleanAllUsedByLevelv	data	no-slot		
0x0209098c	NO-SLOT	-	-	-	_Z20DLLoadAllUsedByLevelv	data	no-slot		
0x02090dd0	NO-SLOT	-	-	-	Vec3_Interp	data	no-slot		
0x02092110	CONFIG-PLACEHOLDER	arm9	data_02092110	data	NEXT_LEVEL_ID	data	placeholder		
0x02092114	CONFIG-PLACEHOLDER	arm9	data_02092114	data	NEXT_HAT_CHARACTER	data	placeholder		
0x02092118	CONFIG-PLACEHOLDER	arm9	data_02092118	data	CHECKPOINT_LEVEL_ID	data	placeholder		
0x0209211c	CONFIG-PLACEHOLDER	arm9	data_0209211c	data	RETURN_LEVEL_ID	data	placeholder		
0x02092120	CONFIG-PLACEHOLDER	arm9	data_02092120	data	AREA_ID	data	placeholder		
0x02092124	CONFIG-PLACEHOLDER	arm9	data_02092124	data	LEVEL_OF_LAST_COLLECTED_STAR	data	placeholder		
0x02092128	CONFIG-PLACEHOLDER	arm9	data_02092128	data	NEXT_HAT_CHARACTER_ARR	data	placeholder		
0x0209212c	CONFIG-PLACEHOLDER	arm9	data_0209212c	data	STAR_CAP_MAX_POS_Y	data	placeholder		
0x02092130	CONFIG-PLACEHOLDER	arm9	data_02092130	data	LOADED_LEVEL_OVL_ID	data	placeholder		
0x02092134	CONFIG-PLACEHOLDER	arm9	data_02092134	data	STAR_CAMERA_SETTINGS	data	placeholder		
0x02092138	CONFIG-PLACEHOLDER	arm9	data_02092138	data	STAR_CAP_MIN_POS_Y	data	placeholder		
0x02092144	CONFIG-PLACEHOLDER	arm9	data_02092144	data	HEALTH_ARR	data	placeholder		
0x02092145	NO-SLOT	-	-	-	PLAYER_HEALTH	data	no-slot		
0x020922a4	NO-SLOT	-	-	-	ACTOR_BANK_SETTINGS	data	no-slot		
0x02092680	DIVERGED	arm9	_ZTV8dScene_c	data	_ZTV5Scene	data	class-rename	_ZTV8dScene_c	
0x02092778	CONFIG-PLACEHOLDER	arm9	data_02092778	data	DAT_02092778	data	placeholder		
0x020943c4	DIVERGED	arm9,arm9	data_020943c4;_ZTV7dScMB_c	data	_ZTV14MultiBootScene	data	identity		
0x02099388	DIVERGED	arm9	_ZTV4dBgW	data	_ZTV16MeshColliderBase	data	class-rename	_ZTV4dBgW	
0x020993dc	DIVERGED	arm9	_ZTV7dBgW_Kc	data	_ZTV12MeshCollider	data	class-rename	_ZTV7dBgW_Kc	
0x02099434	DIVERGED	arm9	_ZTV10dBgW_KcMbg	data	_ZTV18MovingMeshCollider	data	class-rename	_ZTV10dBgW_KcMbg	
0x02099490	DIVERGED	arm9	_ZTV14dBgW_KcMbgSclY	data	_ZTV21ExtendingMeshCollider	data	class-rename	_ZTV14dBgW_KcMbgSclY	
0x020994e0	CONFIG-PLACEHOLDER	arm9	data_020994e0	data	ATAN_TABLE	data	placeholder		
0x02099e70	CONFIG-PLACEHOLDER	arm9	data_02099e70	data	NEXT_UNIQUE_ACTOR_ID	data	placeholder		
0x02099edc	DIVERGED	arm9,arm9	_ZTV7fBase_c;data_02099edc	data	_ZTV9ActorBase	data	class-rename	_ZTV7fBase_c	
0x02099f24	CONFIG-PLACEHOLDER	arm9	data_02099f24	data	PROCESS_STATE	data	placeholder		
0x02099fd0	CONFIG-PLACEHOLDER	arm9	data_02099fd0	data	RENDER_DMA_CHANNEL	data	placeholder		
0x02099fd4	CONFIG-PLACEHOLDER	arm9	data_02099fd4	data	_ZN3IRQ13DmaTimIndicesE	data	placeholder		
0x02099fe4	CONFIG-PLACEHOLDER	arm9	data_02099fe4	data	_ZN3IRQ12IRQFunctionsE	data	placeholder		
0x0209b138	CONFIG-PLACEHOLDER	arm9	data_0209b138	bss	KS_CAMERA_FUNCTIONS	data	placeholder		
0x0209b270	CONFIG-PLACEHOLDER	arm9	data_0209b270	bss	KS_NUM_PLAYERS	data	placeholder		
0x0209b274	CONFIG-PLACEHOLDER	arm9	data_0209b274	bss	KS_FRAME_COUNTER	data	placeholder		
0x0209b284	CONFIG-PLACEHOLDER	arm9	data_0209b284	bss	KS_PLAYER_IDS	data	placeholder		
0x0209b294	CONFIG-PLACEHOLDER	arm9	data_0209b294	bss	GLOBAL_FADER	data	placeholder		
0x0209b2a4	CONFIG-PLACEHOLDER	arm9	data_0209b2a4	bss	CUTSCENE_OBJECT_IDS	data	placeholder		
0x0209b2f4	CONFIG-PLACEHOLDER	arm9	data_0209b2f4	bss	SELECTED_LINE	data	placeholder		
0x0209b2f8	CONFIG-PLACEHOLDER	arm9	data_0209b2f8	bss	LINE_SCROLL_POSITION	data	placeholder		
0x0209b3ec	CONFIG-PLACEHOLDER	arm9	data_0209b3ec	bss	VIEW_MATRIX_ASR_3	data	placeholder		
0x0209b41c	CONFIG-PLACEHOLDER	arm9	data_0209b41c	bss	INV_VIEW_MATRIX_ASR_3	data	placeholder		
0x0209b454	CONFIG-PLACEHOLDER	arm9	data_0209b454	bss	NEXT_ACTOR_UPDATE_FLAGS	data	placeholder		
0x0209b45c	CONFIG-PLACEHOLDER	arm9	data_0209b45c	bss	ROT_AT_SPAWN	data	placeholder		
0x0209b460	CONFIG-PLACEHOLDER	arm9	data_0209b460	bss	POS_AT_SPAWN	data	placeholder		
0x0209b464	CONFIG-PLACEHOLDER	arm9	data_0209b464	bss	ACTOR_UPDATE_FLAGS	data	placeholder		
0x0209b468	CONFIG-PLACEHOLDER	arm9	data_0209b468	bss	FIRST_ACTOR_LIST_NODE	data	placeholder		
0x0209b490	CONFIG-PLACEHOLDER	arm9	data_0209b490	bss	MUSIC_VOLUME_LSL_12	data	placeholder		
0x0209b49c	CONFIG-PLACEHOLDER	arm9	data_0209b49c	bss	MESSAGE_SOUND_VOLUME_LSL_12	data	placeholder		
0x0209b4a0	CONFIG-PLACEHOLDER	arm9	data_0209b4a0	bss	_ZN5Sound7FileRef5PTR_0E	data	placeholder		
0x0209caa0	CONFIG-PLACEHOLDER	arm9	data_0209caa0	bss	SAVE_DATA	data	placeholder		
0x0209cddc	CONFIG-PLACEHOLDER	arm9	data_0209cddc	bss	SAVED_REGISTER_VALUES	data	placeholder		
0x0209cee8	CONFIG-PLACEHOLDER	arm9	data_0209cee8	bss	_ZN12CylinderClsn4lastE	data	placeholder		
0x0209cef0	CONFIG-PLACEHOLDER	arm9	data_0209cef0	bss	DAT_0209cef0	data	placeholder		
0x0209cef8	CONFIG-PLACEHOLDER	arm9	data_0209cef8	bss	numCommonModelData	data	placeholder		
0x0209cefc	CONFIG-PLACEHOLDER	arm9	data_0209cefc	bss	commonModelDataArr	data	placeholder		
0x0209d3bc	CONFIG-PLACEHOLDER	arm9	data_0209d3bc	bss	LAST_USED_FILE_ID	data	placeholder		
0x0209d454	CONFIG-PLACEHOLDER	arm9	data_0209d454	bss	BOTTOM_SCREEN_RELATED	data	placeholder		
0x0209d45c	CONFIG-PLACEHOLDER	arm9	data_0209d45c	bss	TOP_SCREEN_RELATED	data	placeholder		
0x0209d4a8	CONFIG-PLACEHOLDER	arm9	data_0209d4a8	bss	SCENE_RELATED	data	placeholder		
0x0209d4b0	CONFIG-PLACEHOLDER	arm9	data_0209d4b0	bss	KS_FADER	data	placeholder		
0x0209d4c8	CONFIG-PLACEHOLDER	arm9	data_0209d4c8	bss	TIME_TIMER	data	placeholder		
0x0209d654	CONFIG-PLACEHOLDER	arm9	data_0209d654	bss	IS_SAVING_MESSAGE_DISPLAYED	data	placeholder		
0x0209d660	CONFIG-PLACEHOLDER	arm9	data_0209d660	bss	PLAYER_TALKING	data	placeholder		
0x0209d670	CONFIG-PLACEHOLDER	arm9	data_0209d670	bss	IS_MESSAGE_DISAPPEARING	data	placeholder		
0x0209d67c	CONFIG-PLACEHOLDER	arm9	data_0209d67c	bss	SAVE_MESSAGE_TIMER	data	placeholder		
0x0209d684	CONFIG-PLACEHOLDER	arm9	data_0209d684	bss	MESSAGE_RESULT	data	placeholder		
0x0209d6a8	CONFIG-PLACEHOLDER	arm9	data_0209d6a8	bss	MSG_LINE_HEIGHT	data	placeholder		
0x0209d6d4	CONFIG-PLACEHOLDER	arm9	data_0209d6d4	bss	CURR_MSG_ID	data	placeholder		
0x0209d6f0	CONFIG-PLACEHOLDER	arm9	data_0209d6f0	bss	CURR_MSG_PTR	data	placeholder		
0x0209d6f4	CONFIG-PLACEHOLDER	arm9	data_0209d6f4	bss	CURR_MSG_TEXT_CHAR	data	placeholder		
0x0209d708	CONFIG-PLACEHOLDER	arm9	data_0209d708	bss	MSG_ARR_PTR	data	placeholder		
0x0209d70c	CONFIG-PLACEHOLDER	arm9	data_0209d70c	bss	MSG_FILE_PTR	data	placeholder		
0x0209e650	CONFIG-PLACEHOLDER	arm9	data_0209e650	bss	RNG_STATE	data	placeholder		
0x0209e660	CONFIG-PLACEHOLDER	arm9	data_0209e660	bss	_ZN3OAM14subOAMDisabledE	data	placeholder		
0x0209e664	CONFIG-PLACEHOLDER	arm9	data_0209e664	bss	_ZN3OAM12objCountMainE	data	placeholder		
0x0209e668	CONFIG-PLACEHOLDER	arm9	data_0209e668	bss	_ZN3OAM16curAffineSetMainE	data	placeholder		
0x0209e66c	CONFIG-PLACEHOLDER	arm9	data_0209e66c	bss	_ZN3OAM15curAffineSetSubE	data	placeholder		
0x0209e670	CONFIG-PLACEHOLDER	arm9	data_0209e670	bss	_ZN3OAM11objCountSubE	data	placeholder		
0x0209e674	CONFIG-PLACEHOLDER	arm9	data_0209e674	bss	_ZN3OAM10bufferMainE	data	placeholder		
0x0209e678	NO-SLOT	-	-	-	_ZN3OAM9bufferSubE	data	no-slot		
0x0209ee74	CONFIG-PLACEHOLDER	arm9	data_0209ee74	bss	PARTICLE_SYS_TRACKER	data	placeholder		
0x0209f0d8	NO-SLOT	-	-	-	IMMUNE_TO_DAMAGE	data	no-slot		
0x0209f1d0	NO-SLOT	-	-	-	DAT_0209f1d0	data	no-slot		
0x0209f1d1	NO-SLOT	-	-	-	DAT_0209f1d1	data	no-slot		
0x0209f1ec	CONFIG-PLACEHOLDER	arm9	data_0209f1ec	bss	NEXT_PAUSE_MENU_ID	data	placeholder		
0x0209f1f0	CONFIG-PLACEHOLDER	arm9	data_0209f1f0	bss	NEXT_STAR_ID	data	placeholder		
0x0209f1f4	CONFIG-PLACEHOLDER	arm9	data_0209f1f4	bss	VS_NEW_STAR_SOUND_PLAYED	data	placeholder		
0x0209f1f8	CONFIG-PLACEHOLDER	arm9	data_0209f1f8	bss	NUM_VIEWS	data	placeholder		
0x0209f1fc	CONFIG-PLACEHOLDER	arm9	data_0209f1fc	bss	OPTIONS_MENU_OPENED	data	placeholder		
0x0209f200	CONFIG-PLACEHOLDER	arm9	data_0209f200	bss	RETURN_ENTRANCE_ID	data	placeholder		
0x0209f204	CONFIG-PLACEHOLDER	arm9	data_0209f204	bss	VS_TIME_UP	data	placeholder		
0x0209f208	CONFIG-PLACEHOLDER	arm9	data_0209f208	bss	NUM_VS_STARS_COLLECTED	data	placeholder		
0x0209f20c	CONFIG-PLACEHOLDER	arm9	data_0209f20c	bss	PAUSE_LEVEL_CLEAR_SAVE_MENU_ACTIVE	data	placeholder		
0x0209f210	CONFIG-PLACEHOLDER	arm9	data_0209f210	bss	ARROW_TIMER	data	placeholder		
0x0209f214	CONFIG-PLACEHOLDER	arm9	data_0209f214	bss	NUM_ENTRANCES	data	placeholder		
0x0209f218	CONFIG-PLACEHOLDER	arm9	data_0209f218	bss	PAUSED_WITH_SELECT	data	placeholder		
0x0209f21c	CONFIG-PLACEHOLDER	arm9	data_0209f21c	bss	NUM_PLAYERS	data	placeholder		
0x0209f220	CONFIG-PLACEHOLDER	arm9	data_0209f220	bss	STAR_ID	data	placeholder		
0x0209f224	CONFIG-PLACEHOLDER	arm9	data_0209f224	bss	STAR_OBTAINED_COPY	data	placeholder		
0x0209f228	CONFIG-PLACEHOLDER	arm9	data_0209f228	bss	STAR_OBTAINED	data	placeholder		
0x0209f22c	CONFIG-PLACEHOLDER	arm9	data_0209f22c	bss	PAUSE_MENU_TIMER	data	placeholder		
0x0209f234	CONFIG-PLACEHOLDER	arm9	data_0209f234	bss	SOUND_OPTION	data	placeholder		
0x0209f238	CONFIG-PLACEHOLDER	arm9	data_0209f238	bss	SELECTED_ARROW	data	placeholder		
0x0209f23c	CONFIG-PLACEHOLDER	arm9	data_0209f23c	bss	TIMER_0209f23c	data	placeholder		
0x0209f240	CONFIG-PLACEHOLDER	arm9	data_0209f240	bss	BACK_BUTTON_PRESSED_2	data	placeholder		
0x0209f244	CONFIG-PLACEHOLDER	arm9	data_0209f244	bss	MENU_CHANGE_TIMER	data	placeholder		
0x0209f248	CONFIG-PLACEHOLDER	arm9	data_0209f248	bss	PAUSE_MENU_ID	data	placeholder		
0x0209f24c	CONFIG-PLACEHOLDER	arm9	data_0209f24c	bss	CHECKPOINT_ENTRANCE_ID	data	placeholder		
0x0209f250	CONFIG-PLACEHOLDER	arm9	data_0209f250	bss	CURR_PLAYER_ID	data	placeholder		
0x0209f254	CONFIG-PLACEHOLDER	arm9	data_0209f254	bss	UNK_YOSHI_EGG_RELATED	data	placeholder		
0x0209f258	CONFIG-PLACEHOLDER	arm9	data_0209f258	bss	NUM_FOG_OBJS	data	placeholder		
0x0209f25c	CONFIG-PLACEHOLDER	arm9	data_0209f25c	bss	NUM_MINIMAP_SCALE_OBJS	data	placeholder		
0x0209f260	CONFIG-PLACEHOLDER	arm9	data_0209f260	bss	LEVEL_CLEAR_COIN_COUNT	data	placeholder		
0x0209f264	CONFIG-PLACEHOLDER	arm9	data_0209f264	bss	LAST_ENTRANCE_ID	data	placeholder		
0x0209f268	CONFIG-PLACEHOLDER	arm9	data_0209f268	bss	NEXT_ENTRANCE_ID	data	placeholder		
0x0209f26c	CONFIG-PLACEHOLDER	arm9	data_0209f26c	bss	RETURN_STATE	data	placeholder		
0x0209f270	CONFIG-PLACEHOLDER	arm9	data_0209f270	bss	CHECKPOINT_STAR_ID	data	placeholder		
0x0209f274	CONFIG-PLACEHOLDER	arm9	data_0209f274	bss	CAMERA_SAVED_LOOK_AT_RELATED	data	placeholder		
0x0209f27c	CONFIG-PLACEHOLDER	arm9	data_0209f27c	bss	BUZZER_SOUND_JUST_PLAYED	data	placeholder		
0x0209f280	CONFIG-PLACEHOLDER	arm9	data_0209f280	bss	STOP_MUSIC_DURING_FADE	data	placeholder		
0x0209f284	CONFIG-PLACEHOLDER	arm9	data_0209f284	bss	BOUNCING_MSG_ARROWS_VISIBLE	data	placeholder		
0x0209f288	CONFIG-PLACEHOLDER	arm9	data_0209f288	bss	DISPLAY_RED_COINS_MINIMAP	data	placeholder		
0x0209f290	CONFIG-PLACEHOLDER	arm9	data_0209f290	bss	VS_MODE_EXIT_STATE	data	placeholder		
0x0209f294	CONFIG-PLACEHOLDER	arm9	data_0209f294	bss	GAME_FROZEN	data	placeholder		
0x0209f298	CONFIG-PLACEHOLDER	arm9	data_0209f298	bss	RETURN_TO_REC_ROOM	data	placeholder		
0x0209f29c	CONFIG-PLACEHOLDER	arm9	data_0209f29c	bss	BACK_BUTTON_PRESSED	data	placeholder		
0x0209f2a0	CONFIG-PLACEHOLDER	arm9	data_0209f2a0	bss	PAUSED_DURING_TIMER	data	placeholder		
0x0209f2a4	CONFIG-PLACEHOLDER	arm9	data_0209f2a4	bss	SELECTED_BUTTON_SMALL	data	placeholder		
0x0209f2a8	CONFIG-PLACEHOLDER	arm9	data_0209f2a8	bss	LEVEL_CLEAR_TIMER	data	placeholder		
0x0209f2ac	CONFIG-PLACEHOLDER	arm9	data_0209f2ac	bss	NEW_STAR_COLLECTED	data	placeholder		
0x0209f2b0	CONFIG-PLACEHOLDER	arm9	data_0209f2b0	bss	NEW_COIN_HIGH_SCORE	data	placeholder		
0x0209f2b4	CONFIG-PLACEHOLDER	arm9	data_0209f2b4	bss	NUM_BIG_BUTTONS	data	placeholder		
0x0209f2b8	CONFIG-PLACEHOLDER	arm9	data_0209f2b8	bss	SAVE_MENU_TIMER	data	placeholder		
0x0209f2bc	CONFIG-PLACEHOLDER	arm9	data_0209f2bc	bss	VS_MODE_COUNTDOWN	data	placeholder		
0x0209f2c0	CONFIG-PLACEHOLDER	arm9	data_0209f2c0	bss	LEVEL_SPECIFIC_SETTING	data	placeholder		
0x0209f2c4	CONFIG-PLACEHOLDER	arm9	data_0209f2c4	bss	GAME_PAUSED	data	placeholder		
0x0209f2c8	CONFIG-PLACEHOLDER	arm9	data_0209f2c8	bss	MENU_DISPLAYED_COURSE	data	placeholder		
0x0209f2cc	CONFIG-PLACEHOLDER	arm9	data_0209f2cc	bss	BACKLIGHT_OPTION_TIMER	data	placeholder		
0x0209f2d0	CONFIG-PLACEHOLDER	arm9	data_0209f2d0	bss	NUM_TELEPORT_DEST_OBJS	data	placeholder		
0x0209f2d4	CONFIG-PLACEHOLDER	arm9	data_0209f2d4	bss	LEVEL_CLEAR_SCREEN_STATE	data	placeholder		
0x0209f2d8	CONFIG-PLACEHOLDER	arm9	data_0209f2d8	bss	CURRENT_GAMEMODE	data	placeholder		
0x0209f2dc	CONFIG-PLACEHOLDER	arm9	data_0209f2dc	bss	SELECTED_CONTROLLER_MODE	data	placeholder		
0x0209f2e0	CONFIG-PLACEHOLDER	arm9	data_0209f2e0	bss	SELECTED_BUTTON	data	placeholder		
0x0209f2e4	CONFIG-PLACEHOLDER	arm9	data_0209f2e4	bss	SOUND_MODE_TIMER	data	placeholder		
0x0209f2e8	CONFIG-PLACEHOLDER	arm9	data_0209f2e8	bss	MAP_TILE_ARR_SIZE	data	placeholder		
0x0209f2ec	CONFIG-PLACEHOLDER	arm9	data_0209f2ec	bss	BACKLIGHT_OFF	data	placeholder		
0x0209f2f0	CONFIG-PLACEHOLDER	arm9	data_0209f2f0	bss	COURSE_ARROW_BUTTONS_INVISIBLE	data	placeholder		
0x0209f2f4	CONFIG-PLACEHOLDER	arm9	data_0209f2f4	bss	NUM_LIVES	data	placeholder		
0x0209f2f8	CONFIG-PLACEHOLDER	arm9	data_0209f2f8	bss	LEVEL_ID	data	placeholder		
0x0209f2fc	CONFIG-PLACEHOLDER	arm9	data_0209f2fc	bss	PREV_RETURN_STATE	data	placeholder		
0x0209f300	CONFIG-PLACEHOLDER	arm9	data_0209f300	bss	STAGE_TIMER	data	placeholder		
0x0209f304	CONFIG-PLACEHOLDER	arm9	data_0209f304	bss	VS_MODE_COUNTDOWN_TIMER	data	placeholder		
0x0209f308	CONFIG-PLACEHOLDER	arm9	data_0209f308	bss	VS_NEW_STAR_TIMER	data	placeholder		
0x0209f30c	CONFIG-PLACEHOLDER	arm9	data_0209f30c	bss	NUM_RED_COINS	data	placeholder		
0x0209f310	CONFIG-PLACEHOLDER	arm9	data_0209f310	bss	NUM_VS_STARS_OBTAINED_PLAYER	data	placeholder		
0x0209f314	CONFIG-PLACEHOLDER	arm9	data_0209f314	bss	AREAS	data	placeholder		
0x0209f318	CONFIG-PLACEHOLDER	arm9	data_0209f318	bss	CAMERA	data	placeholder		
0x0209f31c	CONFIG-PLACEHOLDER	arm9	data_0209f31c	bss	FOG_OBJS_PTR	data	placeholder		
0x0209f320	CONFIG-PLACEHOLDER	arm9	data_0209f320	bss	LEVEL_MODEL_DATA	data	placeholder		
0x0209f324	CONFIG-PLACEHOLDER	arm9	data_0209f324	bss	WIPES	data	placeholder		
0x0209f328	CONFIG-PLACEHOLDER	arm9	data_0209f328	bss	ENTRANCE_ARR_PTR	data	placeholder		
0x0209f32c	CONFIG-PLACEHOLDER	arm9	data_0209f32c	bss	WATER_HEIGHT	data	placeholder		
0x0209f330	CONFIG-PLACEHOLDER	arm9	data_0209f330	bss	TELEPORT_DEST_OBJS_PTR	data	placeholder		
0x0209f334	CONFIG-PLACEHOLDER	arm9	data_0209f334	bss	MAP_TILE_ARR_PTR	data	placeholder		
0x0209f338	CONFIG-PLACEHOLDER	arm9	data_0209f338	bss	UNUSED_TYPE_13_OBJS_PTR	data	placeholder		
0x0209f33c	CONFIG-PLACEHOLDER	arm9	data_0209f33c	bss	CASTLE_KEY_RABBIT	data	placeholder		
0x0209f340	CONFIG-PLACEHOLDER	arm9	data_0209f340	bss	LEVEL_FILE	data	placeholder		
0x0209f344	CONFIG-PLACEHOLDER	arm9	data_0209f344	bss	VS_STAR_SPAWN_ORDER	data	placeholder		
0x0209f348	CONFIG-PLACEHOLDER	arm9	data_0209f348	bss	MINIMAP_SCALE_OBJS_PTR	data	placeholder		
0x0209f34c	CONFIG-PLACEHOLDER	arm9	data_0209f34c	bss	EVENT_FIELD	data	placeholder		
0x0209f350	CONFIG-PLACEHOLDER	arm9	data_0209f350	bss	CAMERA_PRESS_STATE	data	placeholder		
0x0209f354	CONFIG-PLACEHOLDER	arm9	data_0209f354	bss	VIEW_ARR_PTR	data	placeholder		
0x0209f358	CONFIG-PLACEHOLDER	arm9	data_0209f358	bss	NUM_COINS	data	placeholder		
0x0209f360	CONFIG-PLACEHOLDER	arm9	data_0209f360	bss	BG1_BUTTON_TILE_OFFSETS	data	placeholder		
0x0209f368	CONFIG-PLACEHOLDER	arm9	data_0209f368	bss	CAMERA_INPUT_ARR	data	placeholder		
0x0209f37c	CONFIG-PLACEHOLDER	arm9	data_0209f37c	bss	STAR_MARKER_TYPES	data	placeholder		
0x0209f394	CONFIG-PLACEHOLDER	arm9	data_0209f394	bss	PLAYER_ARR	data	placeholder		
0x0209f3a4	CONFIG-PLACEHOLDER	arm9	data_0209f3a4	bss	BOWSER_SPIKE_BOMBS	data	placeholder		
0x0209f3c4	CONFIG-PLACEHOLDER	arm9	data_0209f3c4	bss	STAGE_SCENE_RELATED	data	placeholder		
0x0209f40c	KIND-MISMATCH	arm9,arm9	data_0209f40c;STAR_MARKERS	bss	STAR_MARKERS	data	kind		config kind bss
0x0209f43c	CONFIG-PLACEHOLDER	arm9	data_0209f43c	bss	GLOBAL_CLIPPER	data	placeholder		
0x0209f498	CONFIG-PLACEHOLDER	arm9	data_0209f498	bss	INPUT_ARR	data	placeholder		
0x0209f49c	CONFIG-PLACEHOLDER	arm9	data_0209f49c	bss	INPUT_PERSISTENT	data	placeholder		
0x0209f49e	CONFIG-PLACEHOLDER	arm9	data_0209f49e	bss	INPUT_1_FRAME	data	placeholder		
0x0209f4f8	CONFIG-PLACEHOLDER	arm9	data_0209f4f8	bss	ACTOR_DEATH_TABLE_ARR	data	placeholder		
0x0209f5bc	CONFIG-PLACEHOLDER	arm9	data_0209f5bc	bss	SCENE_FADER	data	placeholder		
0x0209f5c0	CONFIG-PLACEHOLDER	arm9	data_0209f5c0	bss	ROOT_ACTOR_BASE	data	placeholder		
0x0209f5e8	CONFIG-PLACEHOLDER	arm9	data_0209f5e8	bss	DEFAULT_SCENE_FADER	data	placeholder		
0x0209fc48	CONFIG-PLACEHOLDER	arm9	data_0209fc48	bss	RUNNING_KUPPA_SCRIPT	data	placeholder		
0x0209fc4c	CONFIG-PLACEHOLDER	arm9	data_0209fc4c	bss	SAVED_KUPPA_SCRIPT	data	placeholder		
0x0209fc50	CONFIG-PLACEHOLDER	arm9	data_0209fc50	bss	NUM_PLAYERS_2	data	placeholder		
0x0209fc5c	CONFIG-PLACEHOLDER	arm9	data_0209fc5c	bss	IS_PLAYER_ACTIVE	data	placeholder		
0x0209fc68	CONFIG-PLACEHOLDER	arm9	data_0209fc68	bss	DP_STATE	data	placeholder		
0x0209fc9c	CONFIG-PLACEHOLDER	arm9	data_0209fc9c	bss	CONNECTION_ERROR	data	placeholder		
0x0209fd14	CONFIG-PLACEHOLDER	arm9	data_0209fd14	bss	VS_MSG_FILE_PTR	data	placeholder		
0x020a0c80	CONFIG-PLACEHOLDER	arm9	data_020a0c80	bss	ACTIVE_MESH_COLLIDERS	data	placeholder		
0x020a0d84	CONFIG-PLACEHOLDER	arm9	data_020a0d84	bss	PATH_ARR_PTR	data	placeholder		
0x020a0d88	CONFIG-PLACEHOLDER	arm9	data_020a0d88	bss	PATH_NODE_ARR_PTR	data	placeholder		
0x020a0d8c	CONFIG-PLACEHOLDER	arm9	data_020a0d8c	bss	NUM_PATHS	data	placeholder		
0x020a0d90	CONFIG-PLACEHOLDER	arm9	data_020a0d90	bss	build_time_file	data	placeholder		
0x020a0db0	CONFIG-PLACEHOLDER	arm9	data_020a0db0	bss	FRAME_TIMER	data	placeholder		
0x020a0de8	CONFIG-PLACEHOLDER	arm9	data_020a0de8	bss	TOUCH_INPUT_ARR	data	placeholder		
0x020a0e58	CONFIG-PLACEHOLDER	arm9	data_020a0e58	bss	BUTTON_INPUT_ARR	data	placeholder		
0x020a0e68	CONFIG-PLACEHOLDER	arm9	data_020a0e68	bss	MATRIX_SCRATCH_PAPER	data	placeholder		
0x020a0e98	CONFIG-PLACEHOLDER	arm9	data_020a0e98	bss	_ZN6Memory11heapDamagedE	data	placeholder		
0x020a0e9c	CONFIG-PLACEHOLDER	arm9	data_020a0e9c	bss	_ZN6Memory11rootHeapPtrE	data	placeholder		
0x020a0ea0	KIND-MISMATCH	arm9,arm9	data_020a0ea0;_ZN6Memory14defaultHeapPtrE	bss	_ZN6Memory14defaultHeapPtrE	data	kind		config kind bss
0x020a0ea4	DIVERGED	arm9,arm9	data_020a0ea4;ROOT_HEAP_ARENA_ID	bss	_ZN6Memory15rootParamOffsetE	data	plain		
0x020a0ea8	CONFIG-PLACEHOLDER	arm9	data_020a0ea8	bss	_ZN6Memory10tmpHeapPtrE	data	placeholder		
0x020a0eac	DIVERGED	arm9,arm9	data_020a0eac;GAME_HEAP_PTR	bss	_ZN6Memory11gameHeapPtrE	data	plain		
0x020a0ebc	CONFIG-PLACEHOLDER	arm9	data_020a0ebc	bss	_ZN7Vector38IDENTITYE	data	placeholder		
0x020a1040	CONFIG-PLACEHOLDER	arm9	data_020a1040	bss	FRAME_COUNTER	data	placeholder		
0x020a1158	NO-SLOT	-	-	-	INPUT_RELATED_ARR	data	no-slot		
0x020a4b48	CONFIG-PLACEHOLDER	arm9	data_020a4b48	bss	ACTOR_UNKNOWN12_ID	data	placeholder		
0x020a4b4c	CONFIG-PLACEHOLDER	arm9	data_020a4b4c	bss	BASE_CREATION_STATE	data	placeholder		
0x020a4b50	CONFIG-PLACEHOLDER	arm9	data_020a4b50	bss	CURRENT_OBJECT_SPAWN_ID	data	placeholder		
0x020a4b54	CONFIG-PLACEHOLDER	arm9	data_020a4b54	bss	ACTOR_ACTOR_ID	data	placeholder		
0x020a4b60	CONFIG-PLACEHOLDER	arm9	data_020a4b60	bss	ACTOR_PARAM1	data	placeholder		
0x020a4b68	CONFIG-PLACEHOLDER	arm9	data_020a4b68	bss	CURRENT_OBJECT_LIST_NODE	data	placeholder		
0x020a4b78	CONFIG-PLACEHOLDER	arm9	data_020a4b78	bss	FIRST_BEHAVIOR_LIST_NODE	data	placeholder		
0x020a4b98	CONFIG-PLACEHOLDER	arm9	data_020a4b98	bss	FIRST_RENDER_LIST_NODE	data	placeholder		
0x020a4bb8	CONFIG-PLACEHOLDER	arm9	data_020a4bb8	bss	ACTOR_UNKNOWN_TABLE_PTR	data	placeholder		
0x020a4bc8	CONFIG-PLACEHOLDER	arm9	data_020a4bc8	bss	VRAM_Tex4x4_TexelData_Start	data	placeholder		
0x020a4bcc	CONFIG-PLACEHOLDER	arm9	data_020a4bcc	bss	VRAM_Pal_Start	data	placeholder		
0x020a4bd8	CONFIG-PLACEHOLDER	arm9	data_020a4bd8	bss	VRAM_Pal_End	data	placeholder		
0x020a4bdc	CONFIG-PLACEHOLDER	arm9	data_020a4bdc	bss	VRAM_Tex_End	data	placeholder		
0x020a4be0	CONFIG-PLACEHOLDER	arm9	data_020a4be0	bss	VRAM_Tex4x4_IndexData_Start	data	placeholder		
0x020a4be4	CONFIG-PLACEHOLDER	arm9	data_020a4be4	bss	VRAM_Tex_Size	data	placeholder		
0x020a4be8	CONFIG-PLACEHOLDER	arm9	data_020a4be8	bss	VRAM_Tex4x4_MaxSize	data	placeholder		
0x020a4d30	KIND-MISMATCH	arm9,arm9	data_020a4d30;PARTICLE_RNG_STATE	bss	PARTICLE_RNG_STATE	data	kind		config kind bss
0x020a4d34	CONFIG-PLACEHOLDER	arm9	data_020a4d34	bss	_ZN6Memory25isRootHeapIterInitializedE	data	placeholder		
0x020a4d38	CONFIG-PLACEHOLDER	arm9	data_020a4d38	bss	_ZN6Memory16rootHeapIteratorE	data	placeholder		
0x020a4d6c	CONFIG-PLACEHOLDER	arm9	data_020a4d6c	bss	_ZN5Sound7PLAYERSE	data	placeholder		
0x020a5bb8	CONFIG-PLACEHOLDER	arm9	data_020a5bb8	bss	_ZN5Sound8SDAT_RAM3PTRE	data	placeholder		
0x020a60c4	CONFIG-PLACEHOLDER	arm9	data_020a60c4	bss	_ZN3IRQ15DmaTimFunctionsE	data	placeholder		
0x020abac8	CONFIG-PLACEHOLDER	ov000,ov001	data_ov000_020abac8;data_ov001_020abac8	data	_ZN3OAM11SILVER_STARE	data	placeholder		
0x020ad838	DIVERGED	ov002	_ZN12dEnemyBase_c26UpdateKillByInvincibleCharER10dBgCh_ActrR9ModelAnimj	function	_ZN5Enemy26UpdateKillByInvincibleCharER12WithMeshClsnR9ModelAnimj	function	class-rename+arg-rename	_ZN12dEnemyBase_c26UpdateKillByInvincibleCharER10dBgCh_ActrR9ModelAnimj	
0x020ada40	DIVERGED	ov002,ov004	_ZN12dEnemyBase_c20KillByInvincibleCharERK10Vector3_16R6Player5Fix12IiE;func_ov004_020ada40	function	_ZN5Enemy20KillByInvincibleCharERK10Vector3_16R6Player	function	class-rename+signature-fix	_ZN12dEnemyBase_c20KillByInvincibleCharERK10Vector3_16R6Player5Fix12IiE	
0x020adb40	DIVERGED	ov002	_ZN12dEnemyBase_c22SpawnMegaCharParticlesER8dActor_cPc	function	_ZN5Enemy22SpawnMegaCharParticlesER5ActorPc	function	class-rename+arg-rename	_ZN12dEnemyBase_c22SpawnMegaCharParticlesER8dActor_cPc	
0x020addc0	DIVERGED	ov002	_ZN12dEnemyBase_c27SpawnParticlesIfHitOtherObjER5dCc_c	function	_ZN5Enemy27SpawnParticlesIfHitOtherObjER12CylinderClsn	function	class-rename+arg-rename	_ZN12dEnemyBase_c27SpawnParticlesIfHitOtherObjER5dCc_c	
0x020ade78	DIVERGED	ov002	_ZN12dEnemyBase_c14UpdateYoshiEatER10dBgCh_Actr	function	_ZN5Enemy14UpdateYoshiEatER12WithMeshClsn	function	class-rename+arg-rename	_ZN12dEnemyBase_c14UpdateYoshiEatER10dBgCh_Actr	
0x020ae244	DIVERGED	ov002	_ZN12dEnemyBase_c24AngleAwayFromWallOrCliffER10dBgCh_ActrRs	function	_ZN5Enemy24AngleAwayFromWallOrCliffER12WithMeshClsnRs	function	class-rename+arg-rename	_ZN12dEnemyBase_c24AngleAwayFromWallOrCliffER10dBgCh_ActrRs	
0x020ae2b8	DIVERGED	ov002	_ZN12dEnemyBase_c15IsGoingOffCliffER10dBgCh_Actrisbbi	function	_ZN5Enemy15IsGoingOffCliffER12WithMeshClsn5Fix12IiEsbbS3_	function	class-rename+signature-fix	_ZN12dEnemyBase_c15IsGoingOffCliffER10dBgCh_Actrisbbi	
0x020ae6a8	DIVERGED	ov002	_ZN12dEnemyBase_c11UpdateDeathER10dBgCh_Actr	function	_ZN5Enemy11UpdateDeathER12WithMeshClsn	function	class-rename+arg-rename	_ZN12dEnemyBase_c11UpdateDeathER10dBgCh_Actr	
0x020aea30	CONFIG-PLACEHOLDER	ov002,ov004	func_ov002_020aea30;func_ov004_020aea30	function	_ZN5Enemy12KillByAttackER5Actor	function	placeholder		
0x020aeabc	DIVERGED	ov002	_ZN12dEnemyBase_c9SpawnCoinEv	function	_ZN5Enemy9SpawnCoinEv	function	class-rename	_ZN12dEnemyBase_c9SpawnCoinEv	
0x020aebf8	DIVERGED	ov002	_ZN12dEnemyBase_c12UpdateWMClsnER10dBgCh_Actrj	function	_ZN5Enemy12UpdateWMClsnER12WithMeshClsnj	function	class-rename+arg-rename	_ZN12dEnemyBase_c12UpdateWMClsnER10dBgCh_Actrj	
0x020aed3c	DIVERGED	ov002	_ZN12dEnemyBase_cD0Ev	function	_ZN5EnemyD0Ev	function	class-rename	_ZN12dEnemyBase_cD0Ev	
0x020aed74	DIVERGED	ov002	_ZN12dEnemyBase_cD1Ev	function	_ZN5EnemyD2Ev	function	class-rename+dtor-variant	_ZN12dEnemyBase_cD1Ev	
0x020aed98	DIVERGED	ov002,ov007	_ZN12dEnemyBase_cC2Ev;func_ov007_020aed98	function	_ZN5EnemyC2Ev	function	class-rename	_ZN12dEnemyBase_cC2Ev	
0x020aedf4	DIVERGED	ov002	_ZN11dCapEnemy_cD0Ev	function	_ZN8CapEnemyD0Ev	function	class-rename	_ZN11dCapEnemy_cD0Ev	
0x020c4c60	DIVERGED	ov002	_ZN6Player12ShowMessage2ER7fBase_cjPK7Vector3hh	function	_ZN6Player12ShowMessage2ER9ActorBasejPK7Vector3hh	function	arg-rename	_ZN6Player12ShowMessage2ER7fBase_cjPK7Vector3hh	
0x020c4ec0	DIVERGED	ov002	_ZN6Player11ShowMessageER7fBase_cjPK7Vector3hh	function	_ZN6Player11ShowMessageER9ActorBasejPK7Vector3hh	function	arg-rename	_ZN6Player11ShowMessageER7fBase_cjPK7Vector3hh	
0x020c4fa0	DIVERGED	ov002	_ZN6Player9StartTalkER7fBase_cb	function	_ZN6Player9StartTalkER9ActorBaseb	function	arg-rename	_ZN6Player9StartTalkER7fBase_cb	
0x020daba0	DIVERGED	ov002	_ZN6Player7TryGrabER8dActor_c	function	_ZN6Player7TryGrabER5Actor	function	arg-rename	_ZN6Player7TryGrabER8dActor_c	
0x020e2e88	NO-SLOT	-	-	-	FALL_DAMAGE_BIG	data	no-slot		
0x020e2e9c	NO-SLOT	-	-	-	FALL_DAMAGE_SMALL	data	no-slot		
0x020e6858	DIVERGED	ov002	_ZN6PlayerD1Ev	function	_ZN6PlayerD2Ev	function	dtor-variant	_ZN6PlayerD1Ev	
0x020e6c0c	DIVERGED	ov002	Player_Spawn	function	_ZN6PlayerC3Ev	function	plain		
0x020ee42c	DIVERGED	ov002	_ZN10dBgActor_cD1Ev	function	_ZN8PlatformD2Ev	function	class-rename+dtor-variant	_ZN10dBgActor_cD1Ev	
0x020ee464	DIVERGED	ov002	_ZN10dBgActor_cD0Ev	function	_ZN8PlatformD0Ev	function	class-rename	_ZN10dBgActor_cD0Ev	
0x020ee4b0	DIVERGED	ov002	_ZN10dBgActor_c14KillByMegaCharER6Player	function	_ZN8Platform14KillByMegaCharER6Player	function	class-rename	_ZN10dBgActor_c14KillByMegaCharER6Player	
0x020ee55c	DIVERGED	ov002,ov007	_ZN10dBgActor_c4KillEv;data_ov007_020ee55c	function;data	_ZN8Platform4KillEv	function	class-rename	_ZN10dBgActor_c4KillEv	
0x020ee674	DIVERGED	ov002	_ZN10dBgActor_c20UpdateKillByMegaCharEsss5Fix12IiE	function	_ZN8Platform20UpdateKillByMegaCharEsss5Fix12IiE	function	class-rename	_ZN10dBgActor_c20UpdateKillByMegaCharEsss5Fix12IiE	
0x020ee7cc	DIVERGED	ov002	_ZN10dBgActor_c19UpdateClsnPosAndRotEv	function	_ZN8Platform19UpdateClsnPosAndRotEv	function	class-rename	_ZN10dBgActor_c19UpdateClsnPosAndRotEv	
0x020ee830	DIVERGED	ov002	_ZN10dBgActor_c21UpdateModelPosAndRotYEv	function	_ZN8Platform21UpdateModelPosAndRotYEv	function	class-rename	_ZN10dBgActor_c21UpdateModelPosAndRotYEv	
0x020ee870	DIVERGED	ov002	_ZN10dBgActor_c13IsClsnInRangeE5Fix12IiES1_	function	_ZN8Platform13IsClsnInRangeE5Fix12IiES1_	function	class-rename	_ZN10dBgActor_c13IsClsnInRangeE5Fix12IiES1_	
0x020ee934	DIVERGED	ov002	_ZN10dBgActor_c21IsClsnInRangeOnScreenE5Fix12IiES1_	function	_ZN8Platform21IsClsnInRangeOnScreenE5Fix12IiES1_	function	class-rename	_ZN10dBgActor_c21IsClsnInRangeOnScreenE5Fix12IiES1_	
0x020eea50	DIVERGED	ov002	_ZN10dBgActor_cC2Ev	function	_ZN8PlatformC2Ev	function	class-rename	_ZN10dBgActor_cC2Ev	
0x020fb8bc	DIVERGED	ov002	Minimap_Spawn	function	_ZN7MinimapC1Ev	function	plain		
0x020fe154	DIVERGED	ov002	HUD_Spawn	function	_ZN3HUDC1Ev	function	plain		
0x020fe190	DIVERGED	ov002	_ZN5Stage18LoadClsnAndObjectsER11LVL_OverlayjR7dBgW_Kc	function	_ZN5Stage18LoadClsnAndObjectsER11LVL_OverlayjR12MeshCollider	function	arg-rename	_ZN5Stage18LoadClsnAndObjectsER11LVL_OverlayjR7dBgW_Kc	
0x020fea84	DIVERGED	ov002	_ZN8dM3dGLin3SetERK7Vector3S2_	function	_ZN11RaycastLine4Line3SetERK7Vector3S3_	function	class-rename	_ZN8dM3dGLin3SetERK7Vector3S2_	
0x020ff060	CONFIG-PLACEHOLDER	ov002	data_ov002_020ff060	data	COIN_POLY4_MODEL_PTRS	data	placeholder		
0x020ff06c	CONFIG-PLACEHOLDER	ov002	data_ov002_020ff06c	data	COIN_POLY32_MODEL_PTRS	data	placeholder		
0x020ff480	CONFIG-PLACEHOLDER	ov002	data_ov002_020ff480	data	_ZN6Player9ANIM_PTRSE	data	placeholder		
0x0210ae38	DIVERGED	ov002	_ZTV10dBgActor_c	data	_ZTV8Platform	data	class-rename	_ZTV10dBgActor_c	
0x0210c230	CONFIG-PLACEHOLDER	ov002	data_ov002_0210c230	data	_ZN3OAM13HEALTH_METERSE	data	placeholder		
0x0210c690	CONFIG-PLACEHOLDER	ov002	data_ov002_0210c690	data	_ZN3OAM15HEALTH_METER_BGE	data	placeholder		
0x0210c6b8	CONFIG-PLACEHOLDER	ov002	data_ov002_0210c6b8	data	_ZN3OAM8RED_COINE	data	placeholder		
0x0210c6c0	DIVERGED	ov002,ov006	data_ov002_0210c6c0;_ZN12dScMgSlot1_c6RenderEv	data;function	_ZN3OAM7SECONDSE	function	identity		
0x0210ca0c	CONFIG-PLACEHOLDER	ov002	data_ov002_0210ca0c	data	_ZN3OAM14VS_RED_NUMBERSE	data	placeholder		
0x0210caf4	CONFIG-PLACEHOLDER	ov002	data_ov002_0210caf4	data	_ZN3OAM13LC_HIGH_SCOREE	data	placeholder		
0x0210cb14	CONFIG-PLACEHOLDER	ov002	data_ov002_0210cb14	data	_ZN3OAM18LC_CONGRATULATIONSE	data	placeholder		
0x0210d210	CONFIG-PLACEHOLDER	ov002	data_ov002_0210d210	data	_ZN3OAM15VS_GET_THE_STARE	data	placeholder		
0x0210d420	CONFIG-PLACEHOLDER	ov002	data_ov002_0210d420	data	_ZN3OAM5VS_GOE	data	placeholder		
0x0210d9a0	CONFIG-PLACEHOLDER	ov002	data_ov002_0210d9a0	bss	LUIGI_CAP_MODEL_PTR	data	placeholder		
0x0210d9a8	CONFIG-PLACEHOLDER	ov002	data_ov002_0210d9a8	bss	RED_NUMBER_MODEL_PTR	data	placeholder		
0x0210d9b0	CONFIG-PLACEHOLDER	ov002	data_ov002_0210d9b0	bss	POWER_FLOWER_OPEN_MODEL_PTR	data	placeholder		
0x0210d9b8	CONFIG-PLACEHOLDER	ov002	data_ov002_0210d9b8	bss	COIN_YELLOW_POLY32_MODEL_PTR	data	placeholder		
0x0210d9c0	CONFIG-PLACEHOLDER	ov002	data_ov002_0210d9c0	bss	WARIO_CAP_MODEL_PTR	data	placeholder		
0x0210d9c8	CONFIG-PLACEHOLDER	ov002	data_ov002_0210d9c8	bss	COIN_BLUE_POLY32_MODEL_PTR	data	placeholder		
0x0210d9d0	CONFIG-PLACEHOLDER	ov002	data_ov002_0210d9d0	bss	POWER_FLOWER_CLOSED_MODEL_PTR	data	placeholder		
0x0210d9d8	CONFIG-PLACEHOLDER	ov002	data_ov002_0210d9d8	bss	ONE_UP_MUSHROOM_MODEL_PTR	data	placeholder		
0x0210d9e0	CONFIG-PLACEHOLDER	ov002	data_ov002_0210d9e0	bss	BOB_OMB_MODEL_PTR	data	placeholder		
0x0210d9e8	CONFIG-PLACEHOLDER	ov002	data_ov002_0210d9e8	bss	NUMBER_TEXSEQ_PTR	data	placeholder		
0x0210d9f0	CONFIG-PLACEHOLDER	ov002	data_ov002_0210d9f0	bss	SNUFIT_BULLET_MODEL_PTR	data	placeholder		
0x0210d9f8	CONFIG-PLACEHOLDER	ov002	data_ov002_0210d9f8	bss	COIN_RED_POLY32_MODEL_PTR	data	placeholder		
0x0210da00	CONFIG-PLACEHOLDER	ov002	data_ov002_0210da00	bss	COIN_BLUE_POLY4_MODEL_PTR	data	placeholder		
0x0210da08	CONFIG-PLACEHOLDER	ov002	data_ov002_0210da08	bss	SILVER_NUMBER_TEXSEQ_PTR	data	placeholder		
0x0210da10	CONFIG-PLACEHOLDER	ov002	data_ov002_0210da10	bss	WATER_RING_MODEL_PTR	data	placeholder		
0x0210da18	CONFIG-PLACEHOLDER	ov002	data_ov002_0210da18	bss	SHELL_MODEL_PTRS	data	placeholder		
0x0210da20	CONFIG-PLACEHOLDER	ov002	data_ov002_0210da20	bss	SHELL_RED_MODEL_PTR	data	placeholder		
0x0210da28	CONFIG-PLACEHOLDER	ov002	data_ov002_0210da28	bss	SILVER_NUMBER_MODEL_PTR	data	placeholder		
0x0210da30	CONFIG-PLACEHOLDER	ov002	data_ov002_0210da30	bss	SUPER_MUSHROOM_MODEL_PTR	data	placeholder		
0x0210da38	CONFIG-PLACEHOLDER	ov002	data_ov002_0210da38	bss	BUBBLE_MODEL_PTR	data	placeholder		
0x0210da40	CONFIG-PLACEHOLDER	ov002	data_ov002_0210da40	bss	MARIO_CAP_MODEL_PTR	data	placeholder		
0x0210da48	CONFIG-PLACEHOLDER	ov002	data_ov002_0210da48	bss	COIN_YELLOW_POLY4_MODEL_PTR	data	placeholder		
0x0210da50	CONFIG-PLACEHOLDER	ov002	data_ov002_0210da50	bss	COIN_RED_POLY4_MODEL_PTR	data	placeholder		
0x0210da58	CONFIG-PLACEHOLDER	ov002	data_ov002_0210da58	bss	FEATHER_MODEL_PTR	data	placeholder		
0x0210dbc0	CONFIG-PLACEHOLDER	ov002	data_ov002_0210dbc0	bss	ENEMY_DEATH_FUNCS	data	placeholder		
0x0210e3a0	CONFIG-PLACEHOLDER	ov002	data_ov002_0210e3a0	bss	YOSHI_CUBE_EGG_MODEL_PTR	data	placeholder		
0x0210e7d8	CONFIG-PLACEHOLDER	ov002	data_ov002_0210e7d8	bss	YOSHI_EGG_MODEL_PTR	data	placeholder		
0x0210ffec	CONFIG-PLACEHOLDER	ov002	data_ov002_0210ffec	bss	_ZN6Player13ST_LEDGE_HANGE	data	placeholder		
0x02110004	CONFIG-PLACEHOLDER	ov002	data_ov002_02110004	bss	_ZN6Player13ST_LEDGE_GRABE	data	placeholder		
0x0211001c	CONFIG-PLACEHOLDER	ov002	data_ov002_0211001c	bss	_ZN6Player16ST_CEILING_GRATEE	data	placeholder		
0x02110034	CONFIG-PLACEHOLDER	ov002	data_ov002_02110034	bss	_ZN6Player14ST_YOSHI_POWERE	data	placeholder		
0x0211004c	CONFIG-PLACEHOLDER	ov002	data_ov002_0211004c	bss	_ZN6Player10ST_SWALLOWE	data	placeholder		
0x02110064	CONFIG-PLACEHOLDER	ov002	data_ov002_02110064	bss	_ZN6Player17ST_IN_YOSHI_MOUTHE	data	placeholder		
0x0211007c	CONFIG-PLACEHOLDER	ov002	data_ov002_0211007c	bss	_ZN6Player18ST_SMALL_LAUNCH_UPE	data	placeholder		
0x02110094	CONFIG-PLACEHOLDER	ov002	data_ov002_02110094	bss	_ZN6Player7ST_HURTE	data	placeholder		
0x021100ac	CONFIG-PLACEHOLDER	ov002	data_ov002_021100ac	bss	_ZN6Player13ST_HURT_WATERE	data	placeholder		
0x021100c4	CONFIG-PLACEHOLDER	ov002	data_ov002_021100c4	bss	_ZN6Player14ST_ELECTROCUTEE	data	placeholder		
0x021100dc	CONFIG-PLACEHOLDER	ov002	data_ov002_021100dc	bss	_ZN6Player12ST_BURN_FIREE	data	placeholder		
0x021100f4	CONFIG-PLACEHOLDER	ov002	data_ov002_021100f4	bss	_ZN6Player12ST_BURN_LAVAE	data	placeholder		
0x0211010c	CONFIG-PLACEHOLDER	ov002	data_ov002_0211010c	bss	_ZN6Player11ST_DEAD_HITE	data	placeholder		
0x02110124	CONFIG-PLACEHOLDER	ov002	data_ov002_02110124	bss	_ZN6Player11ST_DEAD_PITE	data	placeholder		
0x0211013c	CONFIG-PLACEHOLDER	ov002	data_ov002_0211013c	bss	_ZN6Player7ST_WALKE	data	placeholder		
0x02110154	KIND-MISMATCH	ov002,ov002,ov006	data_ov002_02110154;_ZN6Player7ST_WAITE;_ZN19cMgSmartball_slot_c14RestoreInitialEv	bss;function	_ZN6Player7ST_WAITE	function	kind		config kind bss
0x0211016c	CONFIG-PLACEHOLDER	ov002	data_ov002_0211016c	bss	_ZN6Player10ST_GRABBEDE	data	placeholder		
0x02110184	CONFIG-PLACEHOLDER	ov002	data_ov002_02110184	bss	_ZN6Player14ST_TURN_AROUNDE	data	placeholder		
0x0211019c	CONFIG-PLACEHOLDER	ov002	data_ov002_0211019c	bss	_ZN6Player7ST_JUMPE	data	placeholder		
0x021101b4	CONFIG-PLACEHOLDER	ov002	data_ov002_021101b4	bss	_ZN6Player7ST_FALLE	data	placeholder		
0x021101cc	CONFIG-PLACEHOLDER	ov002	data_ov002_021101cc	bss	_ZN6Player9ST_THROWNE	data	placeholder		
0x021101e4	CONFIG-PLACEHOLDER	ov002	data_ov002_021101e4	bss	_ZN6Player12ST_SIDE_FLIPE	data	placeholder		
0x021101fc	CONFIG-PLACEHOLDER	ov002	data_ov002_021101fc	bss	_ZN6Player21ST_SLIDE_KICK_RECOVERE	data	placeholder		
0x02110214	CONFIG-PLACEHOLDER	ov002	data_ov002_02110214	bss	_ZN6Player6ST_FLYE	data	placeholder		
0x0211022c	CONFIG-PLACEHOLDER	ov002	data_ov002_0211022c	bss	_ZN6Player13ST_NO_CONTROLE	data	placeholder		
0x02110244	KIND-MISMATCH	ov002,ov002,ov006	data_ov002_02110244;_ZN6Player6ST_OWLE;func_ov006_02110244	bss;function	_ZN6Player6ST_OWLE	function	kind		config kind bss
0x0211025c	CONFIG-PLACEHOLDER	ov002	data_ov002_0211025c	bss	_ZN6Player12ST_DEBUG_FLYE	data	placeholder		
0x02110274	CONFIG-PLACEHOLDER	ov002	data_ov002_02110274	bss	_ZN6Player13ST_WIND_CARRYE	data	placeholder		
0x0211028c	CONFIG-PLACEHOLDER	ov002	data_ov002_0211028c	bss	_ZN6Player10ST_BALLOONE	data	placeholder		
0x021102a4	CONFIG-PLACEHOLDER	ov002	data_ov002_021102a4	bss	_ZN6Player11ST_TELEPORTE	data	placeholder		
0x021102bc	CONFIG-PLACEHOLDER	ov002	data_ov002_021102bc	bss	_ZN6Player15ST_TORNADO_SPINE	data	placeholder		
0x021102d4	CONFIG-PLACEHOLDER	ov002	data_ov002_021102d4	bss	_ZN6Player9ST_CANNONE	data	placeholder		
0x021102ec	CONFIG-PLACEHOLDER	ov002	data_ov002_021102ec	bss	_ZN6Player9ST_SQUISHE	data	placeholder		
0x02110304	CONFIG-PLACEHOLDER	ov002	data_ov002_02110304	bss	_ZN6Player8ST_SHELLE	data	placeholder		
0x0211031c	CONFIG-PLACEHOLDER	ov002	data_ov002_0211031c	bss	_ZN6Player16ST_STOMACH_SLIDEE	data	placeholder		
0x02110334	CONFIG-PLACEHOLDER	ov002	data_ov002_02110334	bss	_ZN6Player13ST_BUTT_SLIDEE	data	placeholder		
0x0211034c	CONFIG-PLACEHOLDER	ov002	data_ov002_0211034c	bss	_ZN6Player14ST_DIZZY_STARSE	data	placeholder		
0x02110364	CONFIG-PLACEHOLDER	ov002	data_ov002_02110364	bss	_ZN6Player13ST_HOLD_LIGHTE	data	placeholder		
0x0211037c	CONFIG-PLACEHOLDER	ov002	data_ov002_0211037c	bss	_ZN6Player7ST_BONKE	data	placeholder		
0x02110394	CONFIG-PLACEHOLDER	ov002	data_ov002_02110394	bss	_ZN6Player13ST_HOLD_HEAVYE	data	placeholder		
0x021103ac	CONFIG-PLACEHOLDER	ov002	data_ov002_021103ac	bss	_ZN6Player13ST_WALL_SLIDEE	data	placeholder		
0x021103c4	CONFIG-PLACEHOLDER	ov002	data_ov002_021103c4	bss	_ZN6Player20ST_BOWSER_EARTHQUAKEE	data	placeholder		
0x021103dc	CONFIG-PLACEHOLDER	ov002	data_ov002_021103dc	bss	_ZN6Player12ST_WALL_JUMPE	data	placeholder		
0x021103f4	CONFIG-PLACEHOLDER	ov002	data_ov002_021103f4	bss	_ZN6Player13ST_SLOPE_JUMPE	data	placeholder		
0x0211040c	CONFIG-PLACEHOLDER	ov002	data_ov002_0211040c	bss	_ZN6Player18ST_STUCK_IN_GROUNDE	data	placeholder		
0x02110424	CONFIG-PLACEHOLDER	ov002	data_ov002_02110424	bss	_ZN6Player7ST_LANDE	data	placeholder		
0x0211043c	CONFIG-PLACEHOLDER	ov002	data_ov002_0211043c	bss	_ZN6Player10ST_ON_WALLE	data	placeholder		
0x02110454	CONFIG-PLACEHOLDER	ov002	data_ov002_02110454	bss	_ZN6Player7ST_SPINE	data	placeholder		
0x0211046c	CONFIG-PLACEHOLDER	ov002	data_ov002_0211046c	bss	_ZN6Player7ST_TALKE	data	placeholder		
0x02110484	CONFIG-PLACEHOLDER	ov002	data_ov002_02110484	bss	_ZN6Player15ST_CRAZED_CRATEE	data	placeholder		
0x0211049c	CONFIG-PLACEHOLDER	ov002	data_ov002_0211049c	bss	_ZN6Player17ST_WAIT_QUICKSANDE	data	placeholder		
0x021104b4	CONFIG-PLACEHOLDER	ov002	data_ov002_021104b4	bss	_ZN6Player14ST_LEVEL_ENTERE	data	placeholder		
0x021104cc	CONFIG-PLACEHOLDER	ov002	data_ov002_021104cc	bss	_ZN6Player17ST_JUMP_QUICKSANDE	data	placeholder		
0x021104e4	CONFIG-PLACEHOLDER	ov002	data_ov002_021104e4	bss	_ZN6Player9ST_CROUCHE	data	placeholder		
0x021104fc	CONFIG-PLACEHOLDER	ov002	data_ov002_021104fc	bss	_ZN6Player10ST_RESPAWNE	data	placeholder		
0x02110514	CONFIG-PLACEHOLDER	ov002	data_ov002_02110514	bss	_ZN6Player8ST_CRAWLE	data	placeholder		
0x0211052c	CONFIG-PLACEHOLDER	ov002	data_ov002_0211052c	bss	_ZN6Player12ST_BACK_FLIPE	data	placeholder		
0x02110544	CONFIG-PLACEHOLDER	ov002	data_ov002_02110544	bss	_ZN6Player18ST_OPENING_WAKE_UPE	data	placeholder		
0x0211055c	CONFIG-PLACEHOLDER	ov002	data_ov002_0211055c	bss	_ZN6Player12ST_LONG_JUMPE	data	placeholder		
0x02110574	CONFIG-PLACEHOLDER	ov002	data_ov002_02110574	bss	_ZN6Player13ST_PUNCH_KICKE	data	placeholder		
0x0211058c	CONFIG-PLACEHOLDER	ov002	data_ov002_0211058c	bss	_ZN6Player13ST_ENDING_FLYE	data	placeholder		
0x021105a4	CONFIG-PLACEHOLDER	ov002	data_ov002_021105a4	bss	_ZN6Player15ST_GROUND_POUNDE	data	placeholder		
0x021105bc	CONFIG-PLACEHOLDER	ov002	data_ov002_021105bc	bss	_ZN6Player7ST_DIVEE	data	placeholder		
0x021105d4	CONFIG-PLACEHOLDER	ov002	data_ov002_021105d4	bss	_ZN6Player8ST_THROWE	data	placeholder		
0x021105ec	CONFIG-PLACEHOLDER	ov002	data_ov002_021105ec	bss	_ZN6Player19ST_GRAB_BOWSER_TAILE	data	placeholder		
0x02110604	CONFIG-PLACEHOLDER	ov002	data_ov002_02110604	bss	_ZN6Player15ST_SWING_PLAYERE	data	placeholder		
0x0211061c	CONFIG-PLACEHOLDER	ov002	data_ov002_0211061c	bss	_ZN6Player13ST_SWEEP_KICKE	data	placeholder		
0x02110634	CONFIG-PLACEHOLDER	ov002	data_ov002_02110634	bss	_ZN6Player13ST_SLIDE_KICKE	data	placeholder		
0x0211064c	CONFIG-PLACEHOLDER	ov002	data_ov002_0211064c	bss	_ZN6Player14ST_CAMERA_ZOOME	data	placeholder		
0x02110664	CONFIG-PLACEHOLDER	ov002	data_ov002_02110664	bss	_ZN6Player7ST_NULLE	data	placeholder		
0x0211067c	CONFIG-PLACEHOLDER	ov002	data_ov002_0211067c	bss	_ZN6Player7ST_SWIME	data	placeholder		
0x02110694	CONFIG-PLACEHOLDER	ov002	data_ov002_02110694	bss	_ZN6Player13ST_WATER_JUMPE	data	placeholder		
0x021106ac	CONFIG-PLACEHOLDER	ov002	data_ov002_021106ac	bss	_ZN6Player21ST_METAL_WATER_GROUNDE	data	placeholder		
0x021106c4	CONFIG-PLACEHOLDER	ov002	data_ov002_021106c4	bss	_ZN6Player20ST_METAL_WATER_WATERE	data	placeholder		
0x021106dc	CONFIG-PLACEHOLDER	ov002	data_ov002_021106dc	bss	_ZN6Player8ST_CLIMBE	data	placeholder		
0x021106f4	CONFIG-PLACEHOLDER	ov002	data_ov002_021106f4	bss	_ZN6Player12ST_HEADSTANDE	data	placeholder		
0x0211070c	CONFIG-PLACEHOLDER	ov002	data_ov002_0211070c	bss	_ZN6Player12ST_POLE_JUMPE	data	placeholder		
0x02110724	CONFIG-PLACEHOLDER	ov002	data_ov002_02110724	bss	_ZN6Player17ST_HEADSTAND_JUMPE	data	placeholder		
0x02110844	NO-SLOT	-	-	-	CHANGE_CAP_TOON_COLORS	data	no-slot		
0x0211094c	CONFIG-PLACEHOLDER	ov002	data_ov002_0211094c	bss	POWER_STAR_MODEL_PTR	data	placeholder		
0x0211095c	CONFIG-PLACEHOLDER	ov002	data_ov002_0211095c	bss	TRANSPARENT_STAR_MODEL_PTR	data	placeholder		
0x02110aec	CONFIG-PLACEHOLDER	ov002	data_ov002_02110aec	bss	WATERFALL_SOUNDS_DISABLED	data	placeholder		
0x02110af0	CONFIG-PLACEHOLDER	ov002	data_ov002_02110af0	bss	ENDLESS_STAIRS_FOG_AREA_ID	data	placeholder		
0x02110af8	CONFIG-PLACEHOLDER	ov002	data_ov002_02110af8	bss	ENDLESS_STAIRS_FOG_PTR	data	placeholder		
0x02111144	DIVERGED	ov002,ov006	data_ov002_02111144;_ZN24cMgSmartball_propeller_c12SaveSnapshotEv	bss;function	START_INTRO_MINIMAP_ZOOM	function	plain		
0x02111148	CONFIG-PLACEHOLDER	ov002	data_ov002_02111148	bss	CUR_MINIMAP_ID	data	placeholder		
0x0211114c	CONFIG-PLACEHOLDER	ov002	data_ov002_0211114c	bss	INTRO_MINIMAP_ZOOMING	data	placeholder		
0x02111150	CONFIG-PLACEHOLDER	ov002	data_ov002_02111150	bss	EXIT_COURSE_VS_MODE	data	placeholder		
0x02111178	CONFIG-PLACEHOLDER	ov002	data_ov002_02111178	bss	LIFE_STAR_COUNTER_STATE	data	placeholder		
0x0211117c	CONFIG-PLACEHOLDER	ov002	data_ov002_0211117c	bss	RENDERED_HEALTH	data	placeholder		
0x02111180	CONFIG-PLACEHOLDER	ov002	data_ov002_02111180	bss	ZOOM_CAMERA_BUTTON_ACTIVE_TIMER	data	placeholder		
0x02111184	CONFIG-PLACEHOLDER	ov002	data_ov002_02111184	bss	DISPLAY_TIMER	data	placeholder		
0x02111188	CONFIG-PLACEHOLDER	ov002	data_ov002_02111188	bss	VS_MODE_TIMER_TIMER	data	placeholder		
0x0211118c	CONFIG-PLACEHOLDER	ov002	data_ov002_0211118c	bss	NEXT_DEATH_TABLE_ID	data	placeholder		
0x02132894	DIVERGED	ov006,ov089	__sinit_ov006_02132894;data_ov089_02132894	function;data	KEY_MODEL_PTRS	function	plain		
0x02132c50	CONFIG-PLACEHOLDER	ov089	data_ov089_02132c50	bss	BOWSER_KEY_MODEL_PTR	data	placeholder		
0x02148724	CONFIG-PLACEHOLDER	ov100	data_ov100_02148724	bss	DOOR_STAR_1_MODEL_PTR	data	placeholder		
0x0214872c	CONFIG-PLACEHOLDER	ov100	data_ov100_0214872c	bss	DOOR_STAR_3_MODEL_PTR	data	placeholder		
0x02148734	CONFIG-PLACEHOLDER	ov100	data_ov100_02148734	bss	BBH_HAUNTED_DOOR_MODEL_PTR	data	placeholder		
0x0214873c	CONFIG-PLACEHOLDER	ov100	data_ov100_0214873c	bss	DOOR_STAR_0_MODEL_PTR	data	placeholder		
0x02148744	CONFIG-PLACEHOLDER	ov100	data_ov100_02148744	bss	DOOR_OPEN_ANIM_PTR	data	placeholder		
0x0214874c	CONFIG-PLACEHOLDER	ov100	data_ov100_0214874c	bss	RUSTED_METAL_DOOR_MODEL_PTR	data	placeholder		
0x02148754	CONFIG-PLACEHOLDER	ov100	data_ov100_02148754	bss	HMC_STONE_DOOR_MODEL_PTR	data	placeholder		
0x0214875c	CONFIG-PLACEHOLDER	ov100	data_ov100_0214875c	bss	REGULAR_DOOR_MODEL_PTR	data	placeholder		
0x02148764	CONFIG-PLACEHOLDER	ov100	data_ov100_02148764	bss	DOOR_STAR_8_MODEL_PTR	data	placeholder		
0x0214876c	CONFIG-PLACEHOLDER	ov100	data_ov100_0214876c	bss	OLD_WOOD_DOOR_MODEL_PTR	data	placeholder		
0x02148774	CONFIG-PLACEHOLDER	ov100	data_ov100_02148774	bss	REGULAR_DOOR_1_MODEL_PTR	data	placeholder		
0x0214877c	CONFIG-PLACEHOLDER	ov100	data_ov100_0214877c	bss	DOOR_KEY_HOLE_MODEL_PTR	data	placeholder		
0x02148934	CONFIG-PLACEHOLDER	ov100	data_ov100_02148934	bss	STAR_DOOR_MODEL_PTR	data	placeholder		
0x0214eb00	NO-SLOT	-	-	-	CLPS_BLOCK_PTR	data	no-slot		
0x023c3ff8	NO-SLOT	-	-	-	_ZN3IRQ12IRQCheckBitsE	data	no-slot		
0x023c3ffc	NO-SLOT	-	-	-	_ZN3IRQ14UserIRQAddressE	data	no-slot		
0x023c4000	NO-SLOT	-	-	-	UNUSED_RAM	data	no-slot		
0x023ffda0	NO-SLOT	-	-	-	_ZN6Memory17nextRootHeapStartE	data	no-slot		
0x023ffdc4	NO-SLOT	-	-	-	_ZN6Memory11rootHeapEndE	data	no-slot		
0x027ffe60	NO-SLOT	-	-	-	ROMCTRL_SETTINGS	data	no-slot		
0x04000000	NO-SLOT	-	-	-	reg_GX_DISPCNT	data	no-slot		
0x04000004	NO-SLOT	-	-	-	reg_GX_DISPSTAT	data	no-slot		
0x04000006	NO-SLOT	-	-	-	reg_GX_VCOUNT	data	no-slot		
0x04000008	NO-SLOT	-	-	-	reg_G2_BG0CNT	data	no-slot		
0x0400000a	NO-SLOT	-	-	-	reg_G2_BG1CNT	data	no-slot		
0x0400000c	NO-SLOT	-	-	-	reg_G2_BG2CNT	data	no-slot		
0x0400000e	NO-SLOT	-	-	-	reg_G2_BG3CNT	data	no-slot		
0x04000010	NO-SLOT	-	-	-	reg_G2_BG0OFS	data	no-slot		
0x04000014	NO-SLOT	-	-	-	reg_G2_BG1OFS	data	no-slot		
0x04000018	NO-SLOT	-	-	-	reg_G2_BG2OFS	data	no-slot		
0x0400001c	NO-SLOT	-	-	-	reg_G2_BG3OFS	data	no-slot		
0x04000020	NO-SLOT	-	-	-	reg_G2_BG2PA	data	no-slot		
0x04000022	NO-SLOT	-	-	-	reg_G2_BG2PB	data	no-slot		
0x04000024	NO-SLOT	-	-	-	reg_G2_BG2PC	data	no-slot		
0x04000026	NO-SLOT	-	-	-	reg_G2_BG2PD	data	no-slot		
0x04000028	NO-SLOT	-	-	-	reg_G2_BG2X	data	no-slot		
0x0400002c	NO-SLOT	-	-	-	reg_G2_BG2Y	data	no-slot		
0x04000030	NO-SLOT	-	-	-	reg_G2_BG3PA	data	no-slot		
0x04000032	NO-SLOT	-	-	-	reg_G2_BG3PB	data	no-slot		
0x04000034	NO-SLOT	-	-	-	reg_G2_BG3PC	data	no-slot		
0x04000036	NO-SLOT	-	-	-	reg_G2_BG3PD	data	no-slot		
0x04000038	NO-SLOT	-	-	-	reg_G2_BG3X	data	no-slot		
0x0400003c	NO-SLOT	-	-	-	reg_G2_BG3Y	data	no-slot		
0x04000050	NO-SLOT	-	-	-	reg_GX_BLDCNT	data	no-slot		
0x04000060	NO-SLOT	-	-	-	reg_G3X_DISP3DCNT	data	no-slot		
0x04000130	NO-SLOT	-	-	-	reg_KEYINPUT	data	no-slot		
0x04000210	NO-SLOT	-	-	-	reg_OS_IE	data	no-slot		
0x04000214	NO-SLOT	-	-	-	reg_OS_IF	data	no-slot		
0x04000304	NO-SLOT	-	-	-	reg_GX_POWCNT	data	no-slot		
0x04000358	NO-SLOT	-	-	-	reg_G3X_FOG_COLOR	data	no-slot		
0x04000440	NO-SLOT	-	-	-	GXPORT_MATRIX_MODE	data	no-slot		
0x04000458	NO-SLOT	-	-	-	GXPORT_MTX_LOAD_4x4	data	no-slot		
0x0400045c	NO-SLOT	-	-	-	GXPORT_MTX_LOAD_4x3	data	no-slot		
0x040004c8	NO-SLOT	-	-	-	GXPORT_LIGHT_VECTOR	data	no-slot		
0x040004cc	NO-SLOT	-	-	-	GXPORT_LIGHT_COLOR	data	no-slot		
0x04001000	NO-SLOT	-	-	-	reg_GXS_DB_DISPCNT	data	no-slot		
0x04001008	NO-SLOT	-	-	-	reg_G2S_DB_BG0CNT	data	no-slot		
0x0400100a	NO-SLOT	-	-	-	reg_G2S_DB_BG1CNT	data	no-slot		
0x0400100c	NO-SLOT	-	-	-	reg_G2S_DB_BG2CNT	data	no-slot		
0x0400100e	NO-SLOT	-	-	-	reg_G2S_DB_BG3CNT	data	no-slot		
0x04001030	NO-SLOT	-	-	-	reg_G2S_DB_BG3PA	data	no-slot		
0x04001050	NO-SLOT	-	-	-	reg_GXs_BLDCNT	data	no-slot		
0x05000000	NO-SLOT	-	-	-	bgPalette	data	no-slot		
0x05000200	NO-SLOT	-	-	-	objPalette	data	no-slot		
0x05000400	NO-SLOT	-	-	-	bgPaletteSub	data	no-slot		
0x05000600	NO-SLOT	-	-	-	objPaletteSub	data	no-slot		
0x06000000	NO-SLOT	-	-	-	bgTiles	data	no-slot		
0x06200000	NO-SLOT	-	-	-	bgTilesSub	data	no-slot		
0x06400000	NO-SLOT	-	-	-	objTiles	data	no-slot		
0x06600000	NO-SLOT	-	-	-	objTilesSub	data	no-slot		
